variant,per_protein_AUC,per_protein_P@5,per_protein_hit@10,pooled_AUC,pooled_precision_top0.001,pooled_precision_top0.01,selected_internally
esm,0.6382937651894219,0.13543956043956046,0.40384615384615385,0.5951163664010897,0.05914270211611503,0.032772653282691265,True
"blend(cos,0.25)",0.6583127302574366,0.11703296703296706,0.37362637362637363,0.702609440301156,0.20944112859468259,0.12159522517634291,False
"blend(cos,0.5)",0.6699933550991927,0.11208791208791208,0.3489010989010989,0.7341483817127941,0.19641888225718937,0.12913727618014106,False
"blend(csls,0.5)",0.670216277425245,0.11153846153846154,0.35302197802197804,0.7340347187364218,0.19696147585458493,0.1277807921866522,False
"blend(cos,0.75)",0.668874106096706,0.10796703296703296,0.3282967032967033,0.7480839027951649,0.1828540423223006,0.12061855670103093,False
csls,0.6602511940569042,0.09697802197802197,0.3076923076923077,0.7121278552450943,0.23494302767227346,0.12300596852957135,False
cos,0.6599930175313569,0.0967032967032967,0.30631868131868134,0.710706053046176,0.19533369506239825,0.11844818231144873,False
dot,0.6504276384134394,0.09093406593406594,0.22115384615384615,0.7210930613759038,0.35594139989148127,0.1744981009224091,False
partner degree,0.5471524632917598,0.09038461538461538,0.3173076923076923,0.5579965726640377,0.10526315789473684,0.07259902333152468,False
