feature_set,model,n,auc_mean,auc_std,ap_mean,ap_std,val_auc_mean,val_auc_std,best_epoch_mean,test_saturated_mean,auc_ci95,ap_ci95
Node2Vec only,GCN,5,0.9715121002074687,0.0036570827564546445,0.9696425987892487,0.004612684156183901,0.9705670446262463,0.002878316615024027,13.0,0.0,0.004540867997141524,0.005727403851818469
ESM + Node2Vec,GCN,5,0.9616176614874062,0.007299802892536377,0.9580629378813292,0.010124007894219002,0.9630265235825952,0.003992159663033722,44.4,0.0,0.009063902445646137,0.01257061611978246
Node2Vec only,GAT,5,0.9605832880039967,0.0027221028927185247,0.9521851005213595,0.00534761873299553,0.9598563395223071,0.0037445068688246037,8.0,0.0,0.003379937161294922,0.006639945656880589
Topology heuristic,Resource allocation,5,0.9602973278685012,0.0027130037466470726,0.9610540697740214,0.002686449919608982,,,0.0,,0.0033686390792036025,0.0033356681481558756
Topology heuristic,Adamic-Adar,5,0.9596701101925786,0.0027745105102345183,0.9600398303476071,0.002831826485367016,,,0.0,,0.0034450098131961642,0.0035161769960401286
ESM + Node2Vec,GraphSAGE,5,0.9584812347824061,0.007476230367488782,0.9583888546181647,0.014839427007757453,0.9570784625441842,0.004584716362050667,39.8,0.0,0.009282966089588535,0.018425582269505074
Topology heuristic,Common neighbors,5,0.9584146974562818,0.0028700315369472817,0.9570154606002855,0.003063257166676244,,,0.0,,0.0035636148331368626,0.003803536141101567
Node2Vec only,GraphSAGE,5,0.9575607641793109,0.0036565859895720844,0.9473589395919225,0.006745931597390526,0.9570658693214433,0.003502405134884379,11.0,0.0,0.004540251179587951,0.008376180398825041
Topology heuristic,Preferential attachment,5,0.955032533745138,0.003260584410473903,0.9469739513247486,0.004373889626418703,,,0.0,,0.004048550275589898,0.005430901281241025
ESM + Node2Vec,GAT,5,0.9519054297841372,0.0045403597357555414,0.9398767054481201,0.008405898918582804,0.9523604774297494,0.0031790238643654464,35.8,0.0,0.005637601222781623,0.01043730205974424
ESM only,GraphSAGE,5,0.9447637567801348,0.004177608310504229,0.9320531298418858,0.007537685923883116,0.9462089700585793,0.0018866583525176213,23.6,0.0,0.005187185837749963,0.009359273241452961
ESM only,GCN,5,0.9292040594535443,0.022812797284970536,0.9225085779547324,0.025700865701873566,0.9302242984541161,0.018615448900205868,50.4,0.0,0.028325829087068544,0.03191183966468638
ESM only,GAT,5,0.913528805211414,0.009138115677846247,0.8846435913905623,0.013235466098442044,0.9142519945221361,0.004604822964420893,58.8,0.0,0.011346469248603093,0.016434001753881954
Biomni + ESM + Node2Vec,GraphSAGE,5,0.7017780502759043,0.03274992003824673,0.6276571665615622,0.025930143819958854,0.7041079092581238,0.033113063702896635,14.2,1.0,0.04066439665554308,0.0321965260494888
Biomni + ESM,GraphSAGE,5,0.6841201716738198,0.01264835635362041,0.6134227013217416,0.009686046735216265,0.6887177129504567,0.011997086328271145,4.8,1.0,0.015705008720742333,0.012026815516037166
Biomni + Node2Vec,GraphSAGE,5,0.6774984671980381,0.015139862936683986,0.6082957631790278,0.011230950560043064,0.6814224402207234,0.0115549277296385,6.2,1.0,0.018798622746220055,0.013945066976011902
Biomni only,GraphSAGE,5,0.6771919068056407,0.0192181827328724,0.6080967982804671,0.014150274154075899,0.6825873697118332,0.013734795123158507,7.4,1.0,0.02386252561030893,0.0175698859818293
Biomni + ESM,GAT,5,0.5,0.0,0.5,0.0,0.5,0.0,1.0,1.0,0.0,0.0
Biomni + ESM,GCN,5,0.5,0.0,0.5,0.0,0.5,0.0,1.0,1.0,0.0,0.0
Biomni + ESM + Node2Vec,GAT,5,0.5,0.0,0.5,0.0,0.5,0.0,1.0,1.0,0.0,0.0
Biomni + ESM + Node2Vec,GCN,5,0.5,0.0,0.5,0.0,0.5,0.0,1.0,1.0,0.0,0.0
Biomni + Node2Vec,GAT,5,0.5,0.0,0.5,0.0,0.5,0.0,1.0,1.0,0.0,0.0
Biomni + Node2Vec,GCN,5,0.5,0.0,0.5,0.0,0.5,0.0,1.0,1.0,0.0,0.0
Biomni only,GAT,5,0.5,0.0,0.5,0.0,0.5,0.0,1.0,1.0,0.0,0.0
Biomni only,GCN,5,0.5,0.0,0.5,0.0,0.5,0.0,1.0,1.0,0.0,0.0
