isolated_protein,isolated_reason,isolated_desc,n_identical,vaccine_score,partner_rank,partner,partner_tier,partner_desc,partner_degree,score
fig|6666666.1036479.peg.2501,no STRING match,,1,0.8,1,fig|6666666.1036479.peg.979,Very Low,,0,0.9556283712387085
fig|6666666.1036479.peg.2501,no STRING match,,1,0.8,2,fig|6666666.1036479.peg.2523,Low,,0,0.9280660510063171
fig|6666666.1036479.peg.2501,no STRING match,,1,0.8,3,fig|6666666.1036479.peg.3077,Medium,,0,0.9280095160007477
fig|6666666.1036479.peg.2501,no STRING match,,1,0.8,4,fig|6666666.1036479.peg.874,Medium,,0,0.9277861833572387
fig|6666666.1036479.peg.2501,no STRING match,,1,0.8,5,fig|6666666.1036479.peg.1937,High,,0,0.9259900510311126
fig|6666666.1036479.peg.2502,no STRING match,,1,0.85,1,fig|6666666.1036479.peg.856,Low,,0,0.9102301597595215
fig|6666666.1036479.peg.2502,no STRING match,,1,0.85,2,fig|6666666.1036479.peg.2548,High,,0,0.9006599307060241
fig|6666666.1036479.peg.2502,no STRING match,,1,0.85,3,fig|6666666.1036479.peg.979,Very Low,,0,0.8945667266845703
fig|6666666.1036479.peg.2502,no STRING match,,1,0.85,4,fig|6666666.1036479.peg.866,High,,0,0.885049968957901
fig|6666666.1036479.peg.2502,no STRING match,,1,0.85,5,fig|6666666.1036479.peg.779,Medium,Hypothetical protein.,12,0.8848433792591095
fig|6666666.1036479.peg.2548,no STRING match,,1,0.7,1,fig|6666666.1036479.peg.856,Low,,0,0.9683359503746033
fig|6666666.1036479.peg.2548,no STRING match,,1,0.7,2,fig|6666666.1036479.peg.779,Medium,Hypothetical protein.,12,0.9555403590202332
fig|6666666.1036479.peg.2548,no STRING match,,1,0.7,3,fig|6666666.1036479.peg.866,High,,0,0.9489988207817077
fig|6666666.1036479.peg.2548,no STRING match,,1,0.7,4,fig|6666666.1036479.peg.411,Low,Hypothetical protein.,0,0.9487899720668793
fig|6666666.1036479.peg.2548,no STRING match,,1,0.7,5,fig|6666666.1036479.peg.1739,Very Low,,0,0.9468010008335114
fig|6666666.1036479.peg.2556,no STRING match,,2,0.85,1,fig|6666666.1036479.peg.856,Low,,0,0.9174314558506012
fig|6666666.1036479.peg.2556,no STRING match,,2,0.85,2,fig|6666666.1036479.peg.779,Medium,Hypothetical protein.,12,0.8970473885536194
fig|6666666.1036479.peg.2556,no STRING match,,2,0.85,3,fig|6666666.1036479.peg.2548,High,,0,0.8968847811222076
fig|6666666.1036479.peg.2556,no STRING match,,2,0.85,4,fig|6666666.1036479.peg.649,Medium,,0,0.8851475954055786
fig|6666666.1036479.peg.2556,no STRING match,,2,0.85,5,fig|6666666.1036479.peg.1741,Medium,Hypothetical protein.,2,0.8844256818294525
fig|6666666.1036479.peg.2564,no STRING match,,2,0.85,1,fig|6666666.1036479.peg.856,Low,,0,0.9174314558506012
fig|6666666.1036479.peg.2564,no STRING match,,2,0.85,2,fig|6666666.1036479.peg.779,Medium,Hypothetical protein.,12,0.8970473885536194
fig|6666666.1036479.peg.2564,no STRING match,,2,0.85,3,fig|6666666.1036479.peg.2548,High,,0,0.8968847811222076
fig|6666666.1036479.peg.2564,no STRING match,,2,0.85,4,fig|6666666.1036479.peg.649,Medium,,0,0.8851475954055786
fig|6666666.1036479.peg.2564,no STRING match,,2,0.85,5,fig|6666666.1036479.peg.1741,Medium,Hypothetical protein.,2,0.8844256818294525
fig|6666666.1036479.peg.2626,no STRING match,,1,0.75,1,fig|6666666.1036479.peg.856,Low,,0,0.936578494310379
fig|6666666.1036479.peg.2626,no STRING match,,1,0.75,2,fig|6666666.1036479.peg.779,Medium,Hypothetical protein.,12,0.9209560096263886
fig|6666666.1036479.peg.2626,no STRING match,,1,0.75,3,fig|6666666.1036479.peg.897,Low,prolyl-tRNA synthetase; COG0457 FOG: TPR repeat.,11,0.9189266562461853
fig|6666666.1036479.peg.2626,no STRING match,,1,0.75,4,fig|6666666.1036479.peg.1741,Medium,Hypothetical protein.,2,0.9110401391983032
fig|6666666.1036479.peg.2626,no STRING match,,1,0.75,5,fig|6666666.1036479.peg.1719,Medium,,0,0.9039273858070374
fig|6666666.1036479.peg.2638,no STRING match,,1,0.8,1,fig|6666666.1036479.peg.856,Low,,0,0.8583779990673065
fig|6666666.1036479.peg.2638,no STRING match,,1,0.8,2,fig|6666666.1036479.peg.2548,High,,0,0.8370558381080627
fig|6666666.1036479.peg.2638,no STRING match,,1,0.8,3,fig|6666666.1036479.peg.866,High,,0,0.8333487093448639
fig|6666666.1036479.peg.2638,no STRING match,,1,0.8,4,fig|6666666.1036479.peg.779,Medium,Hypothetical protein.,12,0.8279916763305664
fig|6666666.1036479.peg.2638,no STRING match,,1,0.8,5,fig|6666666.1036479.peg.2282,Low,Hypothetical protein.,58,0.8245206594467163
fig|6666666.1036479.peg.2643,no STRING match,,1,0.75,1,fig|6666666.1036479.peg.897,Low,prolyl-tRNA synthetase; COG0457 FOG: TPR repeat.,11,0.8693605720996856
fig|6666666.1036479.peg.2643,no STRING match,,1,0.75,2,fig|6666666.1036479.peg.856,Low,,0,0.865341866016388
fig|6666666.1036479.peg.2643,no STRING match,,1,0.75,3,fig|6666666.1036479.peg.779,Medium,Hypothetical protein.,12,0.8501016020774841
fig|6666666.1036479.peg.2643,no STRING match,,1,0.75,4,fig|6666666.1036479.peg.3131,Low,,0,0.8489135801792145
fig|6666666.1036479.peg.2643,no STRING match,,1,0.75,5,fig|6666666.1036479.peg.1741,Medium,Hypothetical protein.,2,0.839803260564804
fig|6666666.1036479.peg.2654,no STRING match,,1,0.7,1,fig|6666666.1036479.peg.856,Low,,0,0.9144001245498657
fig|6666666.1036479.peg.2654,no STRING match,,1,0.7,2,fig|6666666.1036479.peg.2548,High,,0,0.9000564277172088
fig|6666666.1036479.peg.2654,no STRING match,,1,0.7,3,fig|6666666.1036479.peg.866,High,,0,0.8924830198287964
fig|6666666.1036479.peg.2654,no STRING match,,1,0.7,4,fig|6666666.1036479.peg.779,Medium,Hypothetical protein.,12,0.8873736083507537
fig|6666666.1036479.peg.2654,no STRING match,,1,0.7,5,fig|6666666.1036479.peg.411,Low,Hypothetical protein.,0,0.8870873630046845
fig|6666666.1036479.peg.2659,no STRING match,,1,0.7,1,fig|6666666.1036479.peg.619,Low,Hypothetical protein.,9,0.8869131088256836
fig|6666666.1036479.peg.2659,no STRING match,,1,0.7,2,fig|6666666.1036479.peg.2548,High,,0,0.883020955324173
fig|6666666.1036479.peg.2659,no STRING match,,1,0.7,3,fig|6666666.1036479.peg.866,High,,0,0.8751802027225495
fig|6666666.1036479.peg.2659,no STRING match,,1,0.7,4,fig|6666666.1036479.peg.781,Medium,,0,0.8749119579792023
fig|6666666.1036479.peg.2659,no STRING match,,1,0.7,5,fig|6666666.1036479.peg.974,Very Low,,0,0.8740473687648773
fig|6666666.1036479.peg.2661,no STRING match,,1,0.85,1,fig|6666666.1036479.peg.856,Low,,0,0.9426436424255371
fig|6666666.1036479.peg.2661,no STRING match,,1,0.85,2,fig|6666666.1036479.peg.779,Medium,Hypothetical protein.,12,0.9310603320598603
fig|6666666.1036479.peg.2661,no STRING match,,1,0.85,3,fig|6666666.1036479.peg.897,Low,prolyl-tRNA synthetase; COG0457 FOG: TPR repeat.,11,0.9292927503585815
fig|6666666.1036479.peg.2661,no STRING match,,1,0.85,4,fig|6666666.1036479.peg.1741,Medium,Hypothetical protein.,2,0.9204238474369049
fig|6666666.1036479.peg.2661,no STRING match,,1,0.85,5,fig|6666666.1036479.peg.1719,Medium,,0,0.9183639883995056
fig|6666666.1036479.peg.2666,no STRING match,,1,0.85,1,fig|6666666.1036479.peg.856,Low,,0,0.9311746001243592
fig|6666666.1036479.peg.2666,no STRING match,,1,0.85,2,fig|6666666.1036479.peg.779,Medium,Hypothetical protein.,12,0.916810405254364
fig|6666666.1036479.peg.2666,no STRING match,,1,0.85,3,fig|6666666.1036479.peg.897,Low,prolyl-tRNA synthetase; COG0457 FOG: TPR repeat.,11,0.915513426065445
fig|6666666.1036479.peg.2666,no STRING match,,1,0.85,4,fig|6666666.1036479.peg.1741,Medium,Hypothetical protein.,2,0.9056012332439423
fig|6666666.1036479.peg.2666,no STRING match,,1,0.85,5,fig|6666666.1036479.peg.1719,Medium,,0,0.9027994692325592
fig|6666666.1036479.peg.2741,no STRING match,,1,0.75,1,fig|6666666.1036479.peg.856,Low,,0,0.9433351576328277
fig|6666666.1036479.peg.2741,no STRING match,,1,0.75,2,fig|6666666.1036479.peg.779,Medium,Hypothetical protein.,12,0.9321005463600158
fig|6666666.1036479.peg.2741,no STRING match,,1,0.75,3,fig|6666666.1036479.peg.897,Low,prolyl-tRNA synthetase; COG0457 FOG: TPR repeat.,11,0.9306785881519317
fig|6666666.1036479.peg.2741,no STRING match,,1,0.75,4,fig|6666666.1036479.peg.1741,Medium,Hypothetical protein.,2,0.9217986285686492
fig|6666666.1036479.peg.2741,no STRING match,,1,0.75,5,fig|6666666.1036479.peg.1719,Medium,,0,0.9202460408210754
fig|6666666.1036479.peg.2750,no STRING match,,1,0.75,1,fig|6666666.1036479.peg.2400,Very Low,,0,0.8442902565002441
fig|6666666.1036479.peg.2750,no STRING match,,1,0.75,2,fig|6666666.1036479.peg.1133,Very Low,"30S ribosomal protein S4; One of the primary rRNA binding proteins, it binds directly to 16S rRNA where it nucleates assembly of the body of the 30S subunit.",99,0.839661967754364
fig|6666666.1036479.peg.2750,no STRING match,,1,0.75,3,fig|6666666.1036479.peg.1151,Very Low,"30S ribosomal protein S3; Binds the lower part of the 30S subunit head. Binds mRNA in the 70S ribosome, positioning it for translation; Belongs to the universal ribosomal protein uS3 family.",91,0.8366287410259247
fig|6666666.1036479.peg.2750,no STRING match,,1,0.75,4,fig|6666666.1036479.peg.1154,Very Low,"50S ribosomal protein L2; One of the primary rRNA binding proteins. Required for association of the 30S and 50S subunits to form the 70S ribosome, for tRNA binding and peptide bond formation. It has been suggested to have peptidyltransferase activity; this is somewhat controversial. Makes several contacts with the 16S rRNA in the 70S ribosome. Belongs to the universal ribosomal protein uL2 family.",113,0.8336852431297302
fig|6666666.1036479.peg.2750,no STRING match,,1,0.75,5,fig|6666666.1036479.peg.1138,Very Low,,0,0.8311703681945801
fig|6666666.1036479.peg.2775,no STRING match,,1,0.7,1,fig|6666666.1036479.peg.781,Medium,,0,0.7678997218608856
fig|6666666.1036479.peg.2775,no STRING match,,1,0.7,2,fig|6666666.1036479.peg.619,Low,Hypothetical protein.,9,0.7661185920238495
fig|6666666.1036479.peg.2775,no STRING match,,1,0.7,3,fig|6666666.1036479.peg.2080,High,Putative amino-acid efflux protein.,22,0.762837827205658
fig|6666666.1036479.peg.2775,no STRING match,,1,0.7,4,fig|6666666.1036479.peg.1056,High,Acyltransferase; COG1835 Predicted acyltransferases.,2,0.7618777513504028
fig|6666666.1036479.peg.2775,no STRING match,,1,0.7,5,fig|6666666.1036479.peg.2467,Low,,0,0.7574623048305511
fig|6666666.1036479.peg.2777,no STRING match,,1,0.75,1,fig|6666666.1036479.peg.856,Low,,0,0.8696561455726624
fig|6666666.1036479.peg.2777,no STRING match,,1,0.75,2,fig|6666666.1036479.peg.897,Low,prolyl-tRNA synthetase; COG0457 FOG: TPR repeat.,11,0.8609403371810913
fig|6666666.1036479.peg.2777,no STRING match,,1,0.75,3,fig|6666666.1036479.peg.3131,Low,,0,0.8512392699718475
fig|6666666.1036479.peg.2777,no STRING match,,1,0.75,4,fig|6666666.1036479.peg.779,Medium,Hypothetical protein.,12,0.8443482160568238
fig|6666666.1036479.peg.2777,no STRING match,,1,0.75,5,fig|6666666.1036479.peg.1741,Medium,Hypothetical protein.,2,0.8392972230911255
fig|6666666.1036479.peg.2792,no STRING match,,1,0.75,1,fig|6666666.1036479.peg.856,Low,,0,0.9806346416473388
fig|6666666.1036479.peg.2792,no STRING match,,1,0.75,2,fig|6666666.1036479.peg.779,Medium,Hypothetical protein.,12,0.9737106740474701
fig|6666666.1036479.peg.2792,no STRING match,,1,0.75,3,fig|6666666.1036479.peg.897,Low,prolyl-tRNA synthetase; COG0457 FOG: TPR repeat.,11,0.9704806923866272
fig|6666666.1036479.peg.2792,no STRING match,,1,0.75,4,fig|6666666.1036479.peg.1741,Medium,Hypothetical protein.,2,0.9678348302841187
fig|6666666.1036479.peg.2792,no STRING match,,1,0.75,5,fig|6666666.1036479.peg.1719,Medium,,0,0.9642766416072845
fig|6666666.1036479.peg.2801,no STRING match,,1,0.7,1,fig|6666666.1036479.peg.856,Low,,0,0.855828869342804
fig|6666666.1036479.peg.2801,no STRING match,,1,0.7,2,fig|6666666.1036479.peg.2548,High,,0,0.8338766455650329
fig|6666666.1036479.peg.2801,no STRING match,,1,0.7,3,fig|6666666.1036479.peg.1029,Low,Hypothetical protein.,40,0.8308672308921814
fig|6666666.1036479.peg.2801,no STRING match,,1,0.7,4,fig|6666666.1036479.peg.411,Low,Hypothetical protein.,0,0.8302833795547485
fig|6666666.1036479.peg.2801,no STRING match,,1,0.7,5,fig|6666666.1036479.peg.2282,Low,Hypothetical protein.,58,0.8290458500385285
fig|6666666.1036479.peg.2878,no STRING match,,1,0.7,1,fig|6666666.1036479.peg.2506,Very Low,,0,0.8554720163345337
fig|6666666.1036479.peg.2878,no STRING match,,1,0.7,2,fig|6666666.1036479.peg.2501,High,,0,0.8419116854667663
fig|6666666.1036479.peg.2878,no STRING match,,1,0.7,3,fig|6666666.1036479.peg.781,Medium,,0,0.8405910193920135
fig|6666666.1036479.peg.2878,no STRING match,,1,0.7,4,fig|6666666.1036479.peg.619,Low,Hypothetical protein.,9,0.8320782959461213
fig|6666666.1036479.peg.2878,no STRING match,,1,0.7,5,fig|6666666.1036479.peg.2080,High,Putative amino-acid efflux protein.,22,0.8241780161857605
fig|6666666.1036479.peg.2912,no STRING match,,1,0.75,1,fig|6666666.1036479.peg.897,Low,prolyl-tRNA synthetase; COG0457 FOG: TPR repeat.,11,0.917427408695221
fig|6666666.1036479.peg.2912,no STRING match,,1,0.75,2,fig|6666666.1036479.peg.856,Low,,0,0.9134149193763733
fig|6666666.1036479.peg.2912,no STRING match,,1,0.75,3,fig|6666666.1036479.peg.3131,Low,,0,0.9030830681324005
fig|6666666.1036479.peg.2912,no STRING match,,1,0.75,4,fig|6666666.1036479.peg.779,Medium,Hypothetical protein.,12,0.8999674797058106
fig|6666666.1036479.peg.2912,no STRING match,,1,0.75,5,fig|6666666.1036479.peg.1741,Medium,Hypothetical protein.,2,0.8917178452014923
fig|6666666.1036479.peg.2941,no STRING match,,1,0.75,1,fig|6666666.1036479.peg.856,Low,,0,0.8357891619205475
fig|6666666.1036479.peg.2941,no STRING match,,1,0.75,2,fig|6666666.1036479.peg.897,Low,prolyl-tRNA synthetase; COG0457 FOG: TPR repeat.,11,0.8205720067024231
fig|6666666.1036479.peg.2941,no STRING match,,1,0.75,3,fig|6666666.1036479.peg.779,Medium,Hypothetical protein.,12,0.8143884062767028
fig|6666666.1036479.peg.2941,no STRING match,,1,0.75,4,fig|6666666.1036479.peg.3131,Low,,0,0.806041133403778
fig|6666666.1036479.peg.2941,no STRING match,,1,0.75,5,fig|6666666.1036479.peg.1719,Medium,,0,0.8041838228702545
fig|6666666.1036479.peg.2948,no STRING match,,1,0.75,1,fig|6666666.1036479.peg.856,Low,,0,0.9756421446800232
fig|6666666.1036479.peg.2948,no STRING match,,1,0.75,2,fig|6666666.1036479.peg.779,Medium,Hypothetical protein.,12,0.9685012340545655
fig|6666666.1036479.peg.2948,no STRING match,,1,0.75,3,fig|6666666.1036479.peg.897,Low,prolyl-tRNA synthetase; COG0457 FOG: TPR repeat.,11,0.9666873574256897
fig|6666666.1036479.peg.2948,no STRING match,,1,0.75,4,fig|6666666.1036479.peg.1741,Medium,Hypothetical protein.,2,0.960909229516983
fig|6666666.1036479.peg.2948,no STRING match,,1,0.75,5,fig|6666666.1036479.peg.1719,Medium,,0,0.9556918978691101
fig|6666666.1036479.peg.3011,no STRING match,,1,0.75,1,fig|6666666.1036479.peg.856,Low,,0,0.915517395734787
fig|6666666.1036479.peg.3011,no STRING match,,1,0.75,2,fig|6666666.1036479.peg.779,Medium,Hypothetical protein.,12,0.8951062142848969
fig|6666666.1036479.peg.3011,no STRING match,,1,0.75,3,fig|6666666.1036479.peg.897,Low,prolyl-tRNA synthetase; COG0457 FOG: TPR repeat.,11,0.8839544594287873
fig|6666666.1036479.peg.3011,no STRING match,,1,0.75,4,fig|6666666.1036479.peg.1741,Medium,Hypothetical protein.,2,0.8833011090755463
fig|6666666.1036479.peg.3011,no STRING match,,1,0.75,5,fig|6666666.1036479.peg.2548,High,,0,0.88197061419487
fig|6666666.1036479.peg.3028,STRING match lost to mapping collision,Hypothetical protein; COG0697 Permeases of the drug/metabolite transporter (DMT) superfamily.,1,0.7,1,fig|6666666.1036479.peg.619,Low,Hypothetical protein.,9,0.8707525610923768
fig|6666666.1036479.peg.3028,STRING match lost to mapping collision,Hypothetical protein; COG0697 Permeases of the drug/metabolite transporter (DMT) superfamily.,1,0.7,2,fig|6666666.1036479.peg.979,Very Low,,0,0.8696493983268738
fig|6666666.1036479.peg.3028,STRING match lost to mapping collision,Hypothetical protein; COG0697 Permeases of the drug/metabolite transporter (DMT) superfamily.,1,0.7,3,fig|6666666.1036479.peg.781,Medium,,0,0.8681912302970887
fig|6666666.1036479.peg.3028,STRING match lost to mapping collision,Hypothetical protein; COG0697 Permeases of the drug/metabolite transporter (DMT) superfamily.,1,0.7,4,fig|6666666.1036479.peg.1056,High,Acyltransferase; COG1835 Predicted acyltransferases.,2,0.8609108448028564
fig|6666666.1036479.peg.3028,STRING match lost to mapping collision,Hypothetical protein; COG0697 Permeases of the drug/metabolite transporter (DMT) superfamily.,1,0.7,5,fig|6666666.1036479.peg.2080,High,Putative amino-acid efflux protein.,22,0.8562436819076538
fig|6666666.1036479.peg.3076,no STRING match,,1,0.75,1,fig|6666666.1036479.peg.856,Low,,0,0.9703028082847596
fig|6666666.1036479.peg.3076,no STRING match,,1,0.75,2,fig|6666666.1036479.peg.897,Low,prolyl-tRNA synthetase; COG0457 FOG: TPR repeat.,11,0.9700347065925599
fig|6666666.1036479.peg.3076,no STRING match,,1,0.75,3,fig|6666666.1036479.peg.779,Medium,Hypothetical protein.,12,0.9640397310256958
fig|6666666.1036479.peg.3076,no STRING match,,1,0.75,4,fig|6666666.1036479.peg.3131,Low,,0,0.9583965957164764
fig|6666666.1036479.peg.3076,no STRING match,,1,0.75,5,fig|6666666.1036479.peg.1741,Medium,Hypothetical protein.,2,0.9573257148265839
fig|6666666.1036479.peg.3082,no STRING match,,1,0.75,1,fig|6666666.1036479.peg.897,Low,prolyl-tRNA synthetase; COG0457 FOG: TPR repeat.,11,0.8643673598766327
fig|6666666.1036479.peg.3082,no STRING match,,1,0.75,2,fig|6666666.1036479.peg.3131,Low,,0,0.8499838352203369
fig|6666666.1036479.peg.3082,no STRING match,,1,0.75,3,fig|6666666.1036479.peg.856,Low,,0,0.8477660417556763
fig|6666666.1036479.peg.3082,no STRING match,,1,0.75,4,fig|6666666.1036479.peg.779,Medium,Hypothetical protein.,12,0.8268518805503845
fig|6666666.1036479.peg.3082,no STRING match,,1,0.75,5,fig|6666666.1036479.peg.1741,Medium,Hypothetical protein.,2,0.8229770004749298
fig|6666666.1036479.peg.3083,no STRING match,,1,0.85,1,fig|6666666.1036479.peg.856,Low,,0,0.9510163962841034
fig|6666666.1036479.peg.3083,no STRING match,,1,0.85,2,fig|6666666.1036479.peg.779,Medium,Hypothetical protein.,12,0.9382133305072784
fig|6666666.1036479.peg.3083,no STRING match,,1,0.85,3,fig|6666666.1036479.peg.897,Low,prolyl-tRNA synthetase; COG0457 FOG: TPR repeat.,11,0.9359822273254395
fig|6666666.1036479.peg.3083,no STRING match,,1,0.85,4,fig|6666666.1036479.peg.1741,Medium,Hypothetical protein.,2,0.9287794649600982
fig|6666666.1036479.peg.3083,no STRING match,,1,0.85,5,fig|6666666.1036479.peg.1719,Medium,,0,0.9242746233940125
fig|6666666.1036479.peg.3089,no STRING match,,1,0.75,1,fig|6666666.1036479.peg.856,Low,,0,0.9770652830600739
fig|6666666.1036479.peg.3089,no STRING match,,1,0.75,2,fig|6666666.1036479.peg.897,Low,prolyl-tRNA synthetase; COG0457 FOG: TPR repeat.,11,0.9715079247951508
fig|6666666.1036479.peg.3089,no STRING match,,1,0.75,3,fig|6666666.1036479.peg.779,Medium,Hypothetical protein.,12,0.9685655117034913
fig|6666666.1036479.peg.3089,no STRING match,,1,0.75,4,fig|6666666.1036479.peg.1741,Medium,Hypothetical protein.,2,0.9638766944408417
fig|6666666.1036479.peg.3089,no STRING match,,1,0.75,5,fig|6666666.1036479.peg.3131,Low,,0,0.9630123555660248
fig|6666666.1036479.peg.3154,no STRING match,,1,0.75,1,fig|6666666.1036479.peg.3131,Low,,0,0.6947685718536377
fig|6666666.1036479.peg.3154,no STRING match,,1,0.75,2,fig|6666666.1036479.peg.897,Low,prolyl-tRNA synthetase; COG0457 FOG: TPR repeat.,11,0.684502100944519
fig|6666666.1036479.peg.3154,no STRING match,,1,0.75,3,fig|6666666.1036479.peg.1419,High,,0,0.6725293457508087
fig|6666666.1036479.peg.3154,no STRING match,,1,0.75,4,fig|6666666.1036479.peg.1460,Very Low,COG2825 Outer membrane protein.,33,0.6653982400894165
fig|6666666.1036479.peg.3154,no STRING match,,1,0.75,5,fig|6666666.1036479.peg.934,Low,,0,0.6627472043037415
fig|6666666.1036479.peg.3221,no STRING match,,2,0.75,1,fig|6666666.1036479.peg.856,Low,,0,0.8578012883663177
fig|6666666.1036479.peg.3221,no STRING match,,2,0.75,2,fig|6666666.1036479.peg.897,Low,prolyl-tRNA synthetase; COG0457 FOG: TPR repeat.,11,0.8453128159046173
fig|6666666.1036479.peg.3221,no STRING match,,2,0.75,3,fig|6666666.1036479.peg.779,Medium,Hypothetical protein.,12,0.8398358404636384
fig|6666666.1036479.peg.3221,no STRING match,,2,0.75,4,fig|6666666.1036479.peg.1741,Medium,Hypothetical protein.,2,0.8294594943523407
fig|6666666.1036479.peg.3221,no STRING match,,2,0.75,5,fig|6666666.1036479.peg.3131,Low,,0,0.8182827591896057
fig|6666666.1036479.peg.3223,no STRING match,,2,0.7,1,fig|6666666.1036479.peg.856,Low,,0,0.9298209905624389
fig|6666666.1036479.peg.3223,no STRING match,,2,0.7,2,fig|6666666.1036479.peg.2548,High,,0,0.9103578090667724
fig|6666666.1036479.peg.3223,no STRING match,,2,0.7,3,fig|6666666.1036479.peg.779,Medium,Hypothetical protein.,12,0.907276850938797
fig|6666666.1036479.peg.3223,no STRING match,,2,0.7,4,fig|6666666.1036479.peg.866,High,,0,0.8994115233421326
fig|6666666.1036479.peg.3223,no STRING match,,2,0.7,5,fig|6666666.1036479.peg.411,Low,Hypothetical protein.,0,0.8984992682933808
fig|6666666.1036479.peg.3240,no STRING match,,3,0.75,1,fig|6666666.1036479.peg.856,Low,,0,0.8761822164058686
fig|6666666.1036479.peg.3240,no STRING match,,3,0.75,2,fig|6666666.1036479.peg.779,Medium,Hypothetical protein.,12,0.8539211988449097
fig|6666666.1036479.peg.3240,no STRING match,,3,0.75,3,fig|6666666.1036479.peg.897,Low,prolyl-tRNA synthetase; COG0457 FOG: TPR repeat.,11,0.8496657252311707
fig|6666666.1036479.peg.3240,no STRING match,,3,0.75,4,fig|6666666.1036479.peg.1741,Medium,Hypothetical protein.,2,0.8420528292655944
fig|6666666.1036479.peg.3240,no STRING match,,3,0.75,5,fig|6666666.1036479.peg.1719,Medium,,0,0.833254051208496
fig|6666666.1036479.peg.3254,no STRING match,,3,0.85,1,fig|6666666.1036479.peg.856,Low,,0,0.9165519714355469
fig|6666666.1036479.peg.3254,no STRING match,,3,0.85,2,fig|6666666.1036479.peg.779,Medium,Hypothetical protein.,12,0.9011682271957397
fig|6666666.1036479.peg.3254,no STRING match,,3,0.85,3,fig|6666666.1036479.peg.897,Low,prolyl-tRNA synthetase; COG0457 FOG: TPR repeat.,11,0.8986721456050872
fig|6666666.1036479.peg.3254,no STRING match,,3,0.85,4,fig|6666666.1036479.peg.1741,Medium,Hypothetical protein.,2,0.8875695645809174
fig|6666666.1036479.peg.3254,no STRING match,,3,0.85,5,fig|6666666.1036479.peg.1719,Medium,,0,0.8814527213573455
fig|6666666.1036479.peg.8,no STRING match,,3,0.75,1,fig|6666666.1036479.peg.856,Low,,0,0.8761822164058686
fig|6666666.1036479.peg.8,no STRING match,,3,0.75,2,fig|6666666.1036479.peg.779,Medium,Hypothetical protein.,12,0.8539211988449097
fig|6666666.1036479.peg.8,no STRING match,,3,0.75,3,fig|6666666.1036479.peg.897,Low,prolyl-tRNA synthetase; COG0457 FOG: TPR repeat.,11,0.8496657252311707
fig|6666666.1036479.peg.8,no STRING match,,3,0.75,4,fig|6666666.1036479.peg.1741,Medium,Hypothetical protein.,2,0.8420528292655944
fig|6666666.1036479.peg.8,no STRING match,,3,0.75,5,fig|6666666.1036479.peg.1719,Medium,,0,0.833254051208496
fig|6666666.1036479.peg.22,no STRING match,,3,0.85,1,fig|6666666.1036479.peg.856,Low,,0,0.9165519714355469
fig|6666666.1036479.peg.22,no STRING match,,3,0.85,2,fig|6666666.1036479.peg.779,Medium,Hypothetical protein.,12,0.9011682271957397
fig|6666666.1036479.peg.22,no STRING match,,3,0.85,3,fig|6666666.1036479.peg.897,Low,prolyl-tRNA synthetase; COG0457 FOG: TPR repeat.,11,0.8986721456050872
fig|6666666.1036479.peg.22,no STRING match,,3,0.85,4,fig|6666666.1036479.peg.1741,Medium,Hypothetical protein.,2,0.8875695645809174
fig|6666666.1036479.peg.22,no STRING match,,3,0.85,5,fig|6666666.1036479.peg.1719,Medium,,0,0.8814527213573455
fig|6666666.1036479.peg.33,no STRING match,,2,0.75,1,fig|6666666.1036479.peg.856,Low,,0,0.8137045681476593
fig|6666666.1036479.peg.33,no STRING match,,2,0.75,2,fig|6666666.1036479.peg.779,Medium,Hypothetical protein.,12,0.7896400094032288
fig|6666666.1036479.peg.33,no STRING match,,2,0.75,3,fig|6666666.1036479.peg.897,Low,prolyl-tRNA synthetase; COG0457 FOG: TPR repeat.,11,0.7845663130283356
fig|6666666.1036479.peg.33,no STRING match,,2,0.75,4,fig|6666666.1036479.peg.1741,Medium,Hypothetical protein.,2,0.7787773489952088
fig|6666666.1036479.peg.33,no STRING match,,2,0.75,5,fig|6666666.1036479.peg.2071,Medium,,0,0.7665215075016022
fig|6666666.1036479.peg.53,no STRING match,,1,0.75,1,fig|6666666.1036479.peg.856,Low,,0,0.8208475291728974
fig|6666666.1036479.peg.53,no STRING match,,1,0.75,2,fig|6666666.1036479.peg.2548,High,,0,0.8098927140235901
fig|6666666.1036479.peg.53,no STRING match,,1,0.75,3,fig|6666666.1036479.peg.866,High,,0,0.8054891765117645
fig|6666666.1036479.peg.53,no STRING match,,1,0.75,4,fig|6666666.1036479.peg.619,Low,Hypothetical protein.,9,0.8006778538227082
fig|6666666.1036479.peg.53,no STRING match,,1,0.75,5,fig|6666666.1036479.peg.411,Low,Hypothetical protein.,0,0.7969722092151642
fig|6666666.1036479.peg.82,no STRING match,,1,0.75,1,fig|6666666.1036479.peg.2548,High,,0,0.6536071717739105
fig|6666666.1036479.peg.82,no STRING match,,1,0.75,2,fig|6666666.1036479.peg.856,Low,,0,0.6498372375965118
fig|6666666.1036479.peg.82,no STRING match,,1,0.75,3,fig|6666666.1036479.peg.1080,High,,0,0.6487701714038849
fig|6666666.1036479.peg.82,no STRING match,,1,0.75,4,fig|6666666.1036479.peg.619,Low,Hypothetical protein.,9,0.6484799325466156
fig|6666666.1036479.peg.82,no STRING match,,1,0.75,5,fig|6666666.1036479.peg.866,High,,0,0.6482919156551361
fig|6666666.1036479.peg.99,no STRING match,,1,0.85,1,fig|6666666.1036479.peg.979,Very Low,,0,0.6007598280906677
fig|6666666.1036479.peg.99,no STRING match,,1,0.85,2,fig|6666666.1036479.peg.2501,High,,0,0.5965199530124664
fig|6666666.1036479.peg.99,no STRING match,,1,0.85,3,fig|6666666.1036479.peg.277,Low,,0,0.5934826254844665
fig|6666666.1036479.peg.99,no STRING match,,1,0.85,4,fig|6666666.1036479.peg.781,Medium,,0,0.5913160800933838
fig|6666666.1036479.peg.99,no STRING match,,1,0.85,5,fig|6666666.1036479.peg.431,High,COG3256 Nitric oxide reductase large subunit; Belongs to the heme-copper respiratory oxidase family.,15,0.5857388138771057
fig|6666666.1036479.peg.137,no STRING match,,2,0.75,1,fig|6666666.1036479.peg.856,Low,,0,0.8578012883663177
fig|6666666.1036479.peg.137,no STRING match,,2,0.75,2,fig|6666666.1036479.peg.897,Low,prolyl-tRNA synthetase; COG0457 FOG: TPR repeat.,11,0.8453128159046173
fig|6666666.1036479.peg.137,no STRING match,,2,0.75,3,fig|6666666.1036479.peg.779,Medium,Hypothetical protein.,12,0.8398358404636384
fig|6666666.1036479.peg.137,no STRING match,,2,0.75,4,fig|6666666.1036479.peg.1741,Medium,Hypothetical protein.,2,0.8294594943523407
fig|6666666.1036479.peg.137,no STRING match,,2,0.75,5,fig|6666666.1036479.peg.3131,Low,,0,0.8182827591896057
fig|6666666.1036479.peg.139,no STRING match,,2,0.7,1,fig|6666666.1036479.peg.856,Low,,0,0.9298209905624389
fig|6666666.1036479.peg.139,no STRING match,,2,0.7,2,fig|6666666.1036479.peg.2548,High,,0,0.9103578090667724
fig|6666666.1036479.peg.139,no STRING match,,2,0.7,3,fig|6666666.1036479.peg.779,Medium,Hypothetical protein.,12,0.907276850938797
fig|6666666.1036479.peg.139,no STRING match,,2,0.7,4,fig|6666666.1036479.peg.866,High,,0,0.8994115233421326
fig|6666666.1036479.peg.139,no STRING match,,2,0.7,5,fig|6666666.1036479.peg.411,Low,Hypothetical protein.,0,0.8984992682933808
fig|6666666.1036479.peg.156,no STRING match,,3,0.75,1,fig|6666666.1036479.peg.856,Low,,0,0.8761822164058686
fig|6666666.1036479.peg.156,no STRING match,,3,0.75,2,fig|6666666.1036479.peg.779,Medium,Hypothetical protein.,12,0.8539211988449097
fig|6666666.1036479.peg.156,no STRING match,,3,0.75,3,fig|6666666.1036479.peg.897,Low,prolyl-tRNA synthetase; COG0457 FOG: TPR repeat.,11,0.8496657252311707
fig|6666666.1036479.peg.156,no STRING match,,3,0.75,4,fig|6666666.1036479.peg.1741,Medium,Hypothetical protein.,2,0.8420528292655944
fig|6666666.1036479.peg.156,no STRING match,,3,0.75,5,fig|6666666.1036479.peg.1719,Medium,,0,0.833254051208496
fig|6666666.1036479.peg.170,no STRING match,,3,0.85,1,fig|6666666.1036479.peg.856,Low,,0,0.9165519714355469
fig|6666666.1036479.peg.170,no STRING match,,3,0.85,2,fig|6666666.1036479.peg.779,Medium,Hypothetical protein.,12,0.9011682271957397
fig|6666666.1036479.peg.170,no STRING match,,3,0.85,3,fig|6666666.1036479.peg.897,Low,prolyl-tRNA synthetase; COG0457 FOG: TPR repeat.,11,0.8986721456050872
fig|6666666.1036479.peg.170,no STRING match,,3,0.85,4,fig|6666666.1036479.peg.1741,Medium,Hypothetical protein.,2,0.8875695645809174
fig|6666666.1036479.peg.170,no STRING match,,3,0.85,5,fig|6666666.1036479.peg.1719,Medium,,0,0.8814527213573455
fig|6666666.1036479.peg.181,no STRING match,,2,0.75,1,fig|6666666.1036479.peg.856,Low,,0,0.8137045681476593
fig|6666666.1036479.peg.181,no STRING match,,2,0.75,2,fig|6666666.1036479.peg.779,Medium,Hypothetical protein.,12,0.7896400094032288
fig|6666666.1036479.peg.181,no STRING match,,2,0.75,3,fig|6666666.1036479.peg.897,Low,prolyl-tRNA synthetase; COG0457 FOG: TPR repeat.,11,0.7845663130283356
fig|6666666.1036479.peg.181,no STRING match,,2,0.75,4,fig|6666666.1036479.peg.1741,Medium,Hypothetical protein.,2,0.7787773489952088
fig|6666666.1036479.peg.181,no STRING match,,2,0.75,5,fig|6666666.1036479.peg.2071,Medium,,0,0.7665215075016022
fig|6666666.1036479.peg.200,no STRING match,,1,0.7,1,fig|6666666.1036479.peg.2548,High,,0,0.9099027812480927
fig|6666666.1036479.peg.200,no STRING match,,1,0.7,2,fig|6666666.1036479.peg.856,Low,,0,0.9065037846565247
fig|6666666.1036479.peg.200,no STRING match,,1,0.7,3,fig|6666666.1036479.peg.979,Very Low,,0,0.9025083541870117
fig|6666666.1036479.peg.200,no STRING match,,1,0.7,4,fig|6666666.1036479.peg.619,Low,Hypothetical protein.,9,0.9012737691402435
fig|6666666.1036479.peg.200,no STRING match,,1,0.7,5,fig|6666666.1036479.peg.866,High,,0,0.9002340018749238
fig|6666666.1036479.peg.201,no STRING match,,1,0.7,1,fig|6666666.1036479.peg.619,Low,Hypothetical protein.,9,0.8692690253257751
fig|6666666.1036479.peg.201,no STRING match,,1,0.7,2,fig|6666666.1036479.peg.2548,High,,0,0.866186672449112
fig|6666666.1036479.peg.201,no STRING match,,1,0.7,3,fig|6666666.1036479.peg.781,Medium,,0,0.8580453097820282
fig|6666666.1036479.peg.201,no STRING match,,1,0.7,4,fig|6666666.1036479.peg.1080,High,,0,0.8574831247329712
fig|6666666.1036479.peg.201,no STRING match,,1,0.7,5,fig|6666666.1036479.peg.866,High,,0,0.8559015810489654
fig|6666666.1036479.peg.241,no STRING match,,1,0.75,1,fig|6666666.1036479.peg.2548,High,,0,0.9124062597751618
fig|6666666.1036479.peg.241,no STRING match,,1,0.75,2,fig|6666666.1036479.peg.856,Low,,0,0.9090202510356903
fig|6666666.1036479.peg.241,no STRING match,,1,0.75,3,fig|6666666.1036479.peg.2506,Very Low,,0,0.9022011578083038
fig|6666666.1036479.peg.241,no STRING match,,1,0.75,4,fig|6666666.1036479.peg.619,Low,Hypothetical protein.,9,0.9010670781135559
fig|6666666.1036479.peg.241,no STRING match,,1,0.75,5,fig|6666666.1036479.peg.866,High,,0,0.897441852092743
fig|6666666.1036479.peg.254,no STRING match,,1,0.85,1,fig|6666666.1036479.peg.856,Low,,0,0.8932292342185975
fig|6666666.1036479.peg.254,no STRING match,,1,0.85,2,fig|6666666.1036479.peg.2548,High,,0,0.8866957902908326
fig|6666666.1036479.peg.254,no STRING match,,1,0.85,3,fig|6666666.1036479.peg.979,Very Low,,0,0.8768966257572174
fig|6666666.1036479.peg.254,no STRING match,,1,0.85,4,fig|6666666.1036479.peg.866,High,,0,0.8743067264556885
fig|6666666.1036479.peg.254,no STRING match,,1,0.85,5,fig|6666666.1036479.peg.411,Low,Hypothetical protein.,0,0.8647889912128448
fig|6666666.1036479.peg.289,STRING match lost to mapping collision,Hypothetical protein.,1,0.75,1,fig|6666666.1036479.peg.856,Low,,0,0.9191297829151154
fig|6666666.1036479.peg.289,STRING match lost to mapping collision,Hypothetical protein.,1,0.75,2,fig|6666666.1036479.peg.897,Low,prolyl-tRNA synthetase; COG0457 FOG: TPR repeat.,11,0.9019268691539765
fig|6666666.1036479.peg.289,STRING match lost to mapping collision,Hypothetical protein.,1,0.75,3,fig|6666666.1036479.peg.779,Medium,Hypothetical protein.,12,0.9007795214653015
fig|6666666.1036479.peg.289,STRING match lost to mapping collision,Hypothetical protein.,1,0.75,4,fig|6666666.1036479.peg.1741,Medium,Hypothetical protein.,2,0.8897658944129944
fig|6666666.1036479.peg.289,STRING match lost to mapping collision,Hypothetical protein.,1,0.75,5,fig|6666666.1036479.peg.1719,Medium,,0,0.8790371835231781
fig|6666666.1036479.peg.369,no STRING match,,1,0.7,1,fig|6666666.1036479.peg.856,Low,,0,0.9420121192932129
fig|6666666.1036479.peg.369,no STRING match,,1,0.7,2,fig|6666666.1036479.peg.2548,High,,0,0.9299199521541596
fig|6666666.1036479.peg.369,no STRING match,,1,0.7,3,fig|6666666.1036479.peg.866,High,,0,0.9224345445632934
fig|6666666.1036479.peg.369,no STRING match,,1,0.7,4,fig|6666666.1036479.peg.411,Low,Hypothetical protein.,0,0.9195233881473541
fig|6666666.1036479.peg.369,no STRING match,,1,0.7,5,fig|6666666.1036479.peg.779,Medium,Hypothetical protein.,12,0.919248229265213
fig|6666666.1036479.peg.370,no STRING match,,1,0.7,1,fig|6666666.1036479.peg.856,Low,,0,0.9517396509647369
fig|6666666.1036479.peg.370,no STRING match,,1,0.7,2,fig|6666666.1036479.peg.2548,High,,0,0.9414798140525817
fig|6666666.1036479.peg.370,no STRING match,,1,0.7,3,fig|6666666.1036479.peg.866,High,,0,0.9341486036777497
fig|6666666.1036479.peg.370,no STRING match,,1,0.7,4,fig|6666666.1036479.peg.411,Low,Hypothetical protein.,0,0.9314689218997956
fig|6666666.1036479.peg.370,no STRING match,,1,0.7,5,fig|6666666.1036479.peg.779,Medium,Hypothetical protein.,12,0.9309896051883697
fig|6666666.1036479.peg.432,no STRING match,,1,0.7,1,fig|6666666.1036479.peg.431,High,COG3256 Nitric oxide reductase large subunit; Belongs to the heme-copper respiratory oxidase family.,15,0.7607894122600556
fig|6666666.1036479.peg.432,no STRING match,,1,0.7,2,fig|6666666.1036479.peg.2491,Very Low,,0,0.7528350651264191
fig|6666666.1036479.peg.432,no STRING match,,1,0.7,3,fig|6666666.1036479.peg.781,Medium,,0,0.7521399259567261
fig|6666666.1036479.peg.432,no STRING match,,1,0.7,4,fig|6666666.1036479.peg.2501,High,,0,0.7518108665943146
fig|6666666.1036479.peg.432,no STRING match,,1,0.7,5,fig|6666666.1036479.peg.2467,Low,,0,0.7438975632190704
fig|6666666.1036479.peg.440,no STRING match,,1,0.7,1,fig|6666666.1036479.peg.619,Low,Hypothetical protein.,9,0.8603542864322662
fig|6666666.1036479.peg.440,no STRING match,,1,0.7,2,fig|6666666.1036479.peg.2548,High,,0,0.8513295114040375
fig|6666666.1036479.peg.440,no STRING match,,1,0.7,3,fig|6666666.1036479.peg.781,Medium,,0,0.849829512834549
fig|6666666.1036479.peg.440,no STRING match,,1,0.7,4,fig|6666666.1036479.peg.2506,Very Low,,0,0.8485326588153839
fig|6666666.1036479.peg.440,no STRING match,,1,0.7,5,fig|6666666.1036479.peg.2080,High,Putative amino-acid efflux protein.,22,0.8433339238166809
fig|6666666.1036479.peg.452,STRING match lost to mapping collision,Hypothetical protein.,1,0.75,1,fig|6666666.1036479.peg.856,Low,,0,0.9030827522277832
fig|6666666.1036479.peg.452,STRING match lost to mapping collision,Hypothetical protein.,1,0.75,2,fig|6666666.1036479.peg.779,Medium,Hypothetical protein.,12,0.8837859213352204
fig|6666666.1036479.peg.452,STRING match lost to mapping collision,Hypothetical protein.,1,0.75,3,fig|6666666.1036479.peg.897,Low,prolyl-tRNA synthetase; COG0457 FOG: TPR repeat.,11,0.8730748057365417
fig|6666666.1036479.peg.452,STRING match lost to mapping collision,Hypothetical protein.,1,0.75,4,fig|6666666.1036479.peg.1741,Medium,Hypothetical protein.,2,0.8681347966194153
fig|6666666.1036479.peg.452,STRING match lost to mapping collision,Hypothetical protein.,1,0.75,5,fig|6666666.1036479.peg.1719,Medium,,0,0.8638142943382263
fig|6666666.1036479.peg.561,no STRING match,,1,0.7,1,fig|6666666.1036479.peg.619,Low,Hypothetical protein.,9,0.759514445066452
fig|6666666.1036479.peg.561,no STRING match,,1,0.7,2,fig|6666666.1036479.peg.781,Medium,,0,0.7570518791675568
fig|6666666.1036479.peg.561,no STRING match,,1,0.7,3,fig|6666666.1036479.peg.2080,High,Putative amino-acid efflux protein.,22,0.752893728017807
fig|6666666.1036479.peg.561,no STRING match,,1,0.7,4,fig|6666666.1036479.peg.2467,Low,,0,0.7498306572437287
fig|6666666.1036479.peg.561,no STRING match,,1,0.7,5,fig|6666666.1036479.peg.1056,High,Acyltransferase; COG1835 Predicted acyltransferases.,2,0.7492057919502259
fig|6666666.1036479.peg.594,no STRING match,,1,0.75,1,fig|6666666.1036479.peg.2548,High,,0,0.7449559092521667
fig|6666666.1036479.peg.594,no STRING match,,1,0.75,2,fig|6666666.1036479.peg.619,Low,Hypothetical protein.,9,0.7439939975738525
fig|6666666.1036479.peg.594,no STRING match,,1,0.75,3,fig|6666666.1036479.peg.1080,High,,0,0.7403859615325927
fig|6666666.1036479.peg.594,no STRING match,,1,0.75,4,fig|6666666.1036479.peg.1029,Low,Hypothetical protein.,40,0.7376529514789582
fig|6666666.1036479.peg.594,no STRING match,,1,0.75,5,fig|6666666.1036479.peg.866,High,,0,0.7360966384410859
fig|6666666.1036479.peg.599,no STRING match,,1,0.85,1,fig|6666666.1036479.peg.856,Low,,0,0.8947997987270355
fig|6666666.1036479.peg.599,no STRING match,,1,0.85,2,fig|6666666.1036479.peg.2548,High,,0,0.8861797511577606
fig|6666666.1036479.peg.599,no STRING match,,1,0.85,3,fig|6666666.1036479.peg.2506,Very Low,,0,0.882064837217331
fig|6666666.1036479.peg.599,no STRING match,,1,0.85,4,fig|6666666.1036479.peg.866,High,,0,0.8682335674762726
fig|6666666.1036479.peg.599,no STRING match,,1,0.85,5,fig|6666666.1036479.peg.3077,Medium,,0,0.8665052890777588
fig|6666666.1036479.peg.644,no STRING match,,1,0.75,1,fig|6666666.1036479.peg.856,Low,,0,0.7684280157089234
fig|6666666.1036479.peg.644,no STRING match,,1,0.75,2,fig|6666666.1036479.peg.897,Low,prolyl-tRNA synthetase; COG0457 FOG: TPR repeat.,11,0.7515893340110779
fig|6666666.1036479.peg.644,no STRING match,,1,0.75,3,fig|6666666.1036479.peg.779,Medium,Hypothetical protein.,12,0.7481029450893402
fig|6666666.1036479.peg.644,no STRING match,,1,0.75,4,fig|6666666.1036479.peg.1741,Medium,Hypothetical protein.,2,0.7373597860336304
fig|6666666.1036479.peg.644,no STRING match,,1,0.75,5,fig|6666666.1036479.peg.3131,Low,,0,0.7372012615203858
fig|6666666.1036479.peg.684,no STRING match,,1,0.7,1,fig|6666666.1036479.peg.856,Low,,0,0.9359622538089752
fig|6666666.1036479.peg.684,no STRING match,,1,0.7,2,fig|6666666.1036479.peg.2548,High,,0,0.9265865802764892
fig|6666666.1036479.peg.684,no STRING match,,1,0.7,3,fig|6666666.1036479.peg.866,High,,0,0.9171147108078003
fig|6666666.1036479.peg.684,no STRING match,,1,0.7,4,fig|6666666.1036479.peg.411,Low,Hypothetical protein.,0,0.9146122992038727
fig|6666666.1036479.peg.684,no STRING match,,1,0.7,5,fig|6666666.1036479.peg.619,Low,Hypothetical protein.,9,0.9133851408958436
fig|6666666.1036479.peg.689,no STRING match,,1,0.75,1,fig|6666666.1036479.peg.856,Low,,0,0.963272613286972
fig|6666666.1036479.peg.689,no STRING match,,1,0.75,2,fig|6666666.1036479.peg.779,Medium,Hypothetical protein.,12,0.9537628769874573
fig|6666666.1036479.peg.689,no STRING match,,1,0.75,3,fig|6666666.1036479.peg.897,Low,prolyl-tRNA synthetase; COG0457 FOG: TPR repeat.,11,0.9521274328231811
fig|6666666.1036479.peg.689,no STRING match,,1,0.75,4,fig|6666666.1036479.peg.1719,Medium,,0,0.9476401507854462
fig|6666666.1036479.peg.689,no STRING match,,1,0.75,5,fig|6666666.1036479.peg.1741,Medium,Hypothetical protein.,2,0.9469694912433624
fig|6666666.1036479.peg.716,no STRING match,,1,0.75,1,fig|6666666.1036479.peg.856,Low,,0,0.789260745048523
fig|6666666.1036479.peg.716,no STRING match,,1,0.75,2,fig|6666666.1036479.peg.779,Medium,Hypothetical protein.,12,0.7655567586421966
fig|6666666.1036479.peg.716,no STRING match,,1,0.75,3,fig|6666666.1036479.peg.897,Low,prolyl-tRNA synthetase; COG0457 FOG: TPR repeat.,11,0.7560682535171509
fig|6666666.1036479.peg.716,no STRING match,,1,0.75,4,fig|6666666.1036479.peg.1741,Medium,Hypothetical protein.,2,0.752210932970047
fig|6666666.1036479.peg.716,no STRING match,,1,0.75,5,fig|6666666.1036479.peg.2548,High,,0,0.7515719950199127
fig|6666666.1036479.peg.720,no STRING match,,1,0.75,1,fig|6666666.1036479.peg.856,Low,,0,0.9200692176818848
fig|6666666.1036479.peg.720,no STRING match,,1,0.75,2,fig|6666666.1036479.peg.779,Medium,Hypothetical protein.,12,0.9024208426475525
fig|6666666.1036479.peg.720,no STRING match,,1,0.75,3,fig|6666666.1036479.peg.897,Low,prolyl-tRNA synthetase; COG0457 FOG: TPR repeat.,11,0.8995612859725952
fig|6666666.1036479.peg.720,no STRING match,,1,0.75,4,fig|6666666.1036479.peg.1741,Medium,Hypothetical protein.,2,0.8899693787097931
fig|6666666.1036479.peg.720,no STRING match,,1,0.75,5,fig|6666666.1036479.peg.1719,Medium,,0,0.8862191557884216
fig|6666666.1036479.peg.723,no STRING match,,1,0.75,1,fig|6666666.1036479.peg.856,Low,,0,0.9558988213539124
fig|6666666.1036479.peg.723,no STRING match,,1,0.75,2,fig|6666666.1036479.peg.779,Medium,Hypothetical protein.,12,0.9438359200954437
fig|6666666.1036479.peg.723,no STRING match,,1,0.75,3,fig|6666666.1036479.peg.897,Low,prolyl-tRNA synthetase; COG0457 FOG: TPR repeat.,11,0.935766977071762
fig|6666666.1036479.peg.723,no STRING match,,1,0.75,4,fig|6666666.1036479.peg.1741,Medium,Hypothetical protein.,2,0.9353925228118897
fig|6666666.1036479.peg.723,no STRING match,,1,0.75,5,fig|6666666.1036479.peg.1719,Medium,,0,0.9280555546283722
fig|6666666.1036479.peg.861,no STRING match,,1,0.75,1,fig|6666666.1036479.peg.856,Low,,0,0.9795328974723816
fig|6666666.1036479.peg.861,no STRING match,,1,0.75,2,fig|6666666.1036479.peg.779,Medium,Hypothetical protein.,12,0.9733412504196167
fig|6666666.1036479.peg.861,no STRING match,,1,0.75,3,fig|6666666.1036479.peg.897,Low,prolyl-tRNA synthetase; COG0457 FOG: TPR repeat.,11,0.9725764989852905
fig|6666666.1036479.peg.861,no STRING match,,1,0.75,4,fig|6666666.1036479.peg.1741,Medium,Hypothetical protein.,2,0.9669983208179473
fig|6666666.1036479.peg.861,no STRING match,,1,0.75,5,fig|6666666.1036479.peg.1719,Medium,,0,0.9628119766712189
fig|6666666.1036479.peg.866,no STRING match,,1,0.7,1,fig|6666666.1036479.peg.856,Low,,0,0.9670526385307312
fig|6666666.1036479.peg.866,no STRING match,,1,0.7,2,fig|6666666.1036479.peg.779,Medium,Hypothetical protein.,12,0.9536695420742035
fig|6666666.1036479.peg.866,no STRING match,,1,0.7,3,fig|6666666.1036479.peg.2548,High,,0,0.9489988207817077
fig|6666666.1036479.peg.866,no STRING match,,1,0.7,4,fig|6666666.1036479.peg.1741,Medium,Hypothetical protein.,2,0.9464385092258454
fig|6666666.1036479.peg.866,no STRING match,,1,0.7,5,fig|6666666.1036479.peg.1719,Medium,,0,0.9451106429100037
fig|6666666.1036479.peg.868,no STRING match,,1,0.7,1,fig|6666666.1036479.peg.856,Low,,0,0.8631181597709656
fig|6666666.1036479.peg.868,no STRING match,,1,0.7,2,fig|6666666.1036479.peg.2548,High,,0,0.8569598615169525
fig|6666666.1036479.peg.868,no STRING match,,1,0.7,3,fig|6666666.1036479.peg.866,High,,0,0.8513946533203125
fig|6666666.1036479.peg.868,no STRING match,,1,0.7,4,fig|6666666.1036479.peg.411,Low,Hypothetical protein.,0,0.8442327737808227
fig|6666666.1036479.peg.868,no STRING match,,1,0.7,5,fig|6666666.1036479.peg.619,Low,Hypothetical protein.,9,0.8440890491008759
fig|6666666.1036479.peg.881,no STRING match,,1,0.7,1,fig|6666666.1036479.peg.2548,High,,0,0.9302312910556794
fig|6666666.1036479.peg.881,no STRING match,,1,0.7,2,fig|6666666.1036479.peg.856,Low,,0,0.9294514298439026
fig|6666666.1036479.peg.881,no STRING match,,1,0.7,3,fig|6666666.1036479.peg.619,Low,Hypothetical protein.,9,0.9215441644191742
fig|6666666.1036479.peg.881,no STRING match,,1,0.7,4,fig|6666666.1036479.peg.411,Low,Hypothetical protein.,0,0.9199485003948211
fig|6666666.1036479.peg.881,no STRING match,,1,0.7,5,fig|6666666.1036479.peg.866,High,,0,0.9188239514827728
fig|6666666.1036479.peg.907,no STRING match,,1,0.75,1,fig|6666666.1036479.peg.979,Very Low,,0,0.8622443854808808
fig|6666666.1036479.peg.907,no STRING match,,1,0.75,2,fig|6666666.1036479.peg.619,Low,Hypothetical protein.,9,0.8561840236186982
fig|6666666.1036479.peg.907,no STRING match,,1,0.75,3,fig|6666666.1036479.peg.781,Medium,,0,0.8535656571388245
fig|6666666.1036479.peg.907,no STRING match,,1,0.75,4,fig|6666666.1036479.peg.1056,High,Acyltransferase; COG1835 Predicted acyltransferases.,2,0.8432935297489166
fig|6666666.1036479.peg.907,no STRING match,,1,0.75,5,fig|6666666.1036479.peg.3077,Medium,,0,0.8424393117427826
fig|6666666.1036479.peg.923,no STRING match,,1,0.8,1,fig|6666666.1036479.peg.856,Low,,0,0.9700024843215942
fig|6666666.1036479.peg.923,no STRING match,,1,0.8,2,fig|6666666.1036479.peg.897,Low,prolyl-tRNA synthetase; COG0457 FOG: TPR repeat.,11,0.9678341627120972
fig|6666666.1036479.peg.923,no STRING match,,1,0.8,3,fig|6666666.1036479.peg.779,Medium,Hypothetical protein.,12,0.9656136512756348
fig|6666666.1036479.peg.923,no STRING match,,1,0.8,4,fig|6666666.1036479.peg.1741,Medium,Hypothetical protein.,2,0.9583683729171752
fig|6666666.1036479.peg.923,no STRING match,,1,0.8,5,fig|6666666.1036479.peg.3131,Low,,0,0.9582189857959748
fig|6666666.1036479.peg.1074,no STRING match,,1,0.7,1,fig|6666666.1036479.peg.856,Low,,0,0.9430346488952637
fig|6666666.1036479.peg.1074,no STRING match,,1,0.7,2,fig|6666666.1036479.peg.2548,High,,0,0.9308964252471924
fig|6666666.1036479.peg.1074,no STRING match,,1,0.7,3,fig|6666666.1036479.peg.866,High,,0,0.9238865375518799
fig|6666666.1036479.peg.1074,no STRING match,,1,0.7,4,fig|6666666.1036479.peg.779,Medium,Hypothetical protein.,12,0.9229174971580505
fig|6666666.1036479.peg.1074,no STRING match,,1,0.7,5,fig|6666666.1036479.peg.411,Low,Hypothetical protein.,0,0.9225232779979706
fig|6666666.1036479.peg.1080,no STRING match,,1,0.7,1,fig|6666666.1036479.peg.856,Low,,0,0.947090870141983
fig|6666666.1036479.peg.1080,no STRING match,,1,0.7,2,fig|6666666.1036479.peg.2548,High,,0,0.9387580811977386
fig|6666666.1036479.peg.1080,no STRING match,,1,0.7,3,fig|6666666.1036479.peg.411,Low,Hypothetical protein.,0,0.931344187259674
fig|6666666.1036479.peg.1080,no STRING match,,1,0.7,4,fig|6666666.1036479.peg.866,High,,0,0.930444312095642
fig|6666666.1036479.peg.1080,no STRING match,,1,0.7,5,fig|6666666.1036479.peg.619,Low,Hypothetical protein.,9,0.9291118383407593
fig|6666666.1036479.peg.1081,no STRING match,,1,0.75,1,fig|6666666.1036479.peg.2548,High,,0,0.8909307241439819
fig|6666666.1036479.peg.1081,no STRING match,,1,0.75,2,fig|6666666.1036479.peg.2516,Very Low,,0,0.8903338611125946
fig|6666666.1036479.peg.1081,no STRING match,,1,0.75,3,fig|6666666.1036479.peg.619,Low,Hypothetical protein.,9,0.8848294317722321
fig|6666666.1036479.peg.1081,no STRING match,,1,0.75,4,fig|6666666.1036479.peg.856,Low,,0,0.8799587070941925
fig|6666666.1036479.peg.1081,no STRING match,,1,0.75,5,fig|6666666.1036479.peg.874,Medium,,0,0.8782480359077454
fig|6666666.1036479.peg.1091,no STRING match,,1,0.85,1,fig|6666666.1036479.peg.856,Low,,0,0.8717895328998566
fig|6666666.1036479.peg.1091,no STRING match,,1,0.85,2,fig|6666666.1036479.peg.779,Medium,Hypothetical protein.,12,0.8511808693408967
fig|6666666.1036479.peg.1091,no STRING match,,1,0.85,3,fig|6666666.1036479.peg.2548,High,,0,0.8368651449680329
fig|6666666.1036479.peg.1091,no STRING match,,1,0.85,4,fig|6666666.1036479.peg.1741,Medium,Hypothetical protein.,2,0.8356881320476532
fig|6666666.1036479.peg.1091,no STRING match,,1,0.85,5,fig|6666666.1036479.peg.897,Low,prolyl-tRNA synthetase; COG0457 FOG: TPR repeat.,11,0.8323989570140838
fig|6666666.1036479.peg.1095,STRING match lost to mapping collision,Multiple antibiotic resistance (MarC)-like protein; COG2095 Multiple antibiotic transporter.,1,0.7,1,fig|6666666.1036479.peg.3028,High,Hypothetical protein; COG0697 Permeases of the drug/metabolite transporter (DMT) superfamily.,0,0.660537588596344
fig|6666666.1036479.peg.1095,STRING match lost to mapping collision,Multiple antibiotic resistance (MarC)-like protein; COG2095 Multiple antibiotic transporter.,1,0.7,2,fig|6666666.1036479.peg.2743,High,Hypothetical protein; COG0730 Predicted permeases.,2,0.6576958000659943
fig|6666666.1036479.peg.1095,STRING match lost to mapping collision,Multiple antibiotic resistance (MarC)-like protein; COG2095 Multiple antibiotic transporter.,1,0.7,3,fig|6666666.1036479.peg.2080,High,Putative amino-acid efflux protein.,22,0.6576533794403077
fig|6666666.1036479.peg.1095,STRING match lost to mapping collision,Multiple antibiotic resistance (MarC)-like protein; COG2095 Multiple antibiotic transporter.,1,0.7,4,fig|6666666.1036479.peg.781,Medium,,0,0.6571293592453002
fig|6666666.1036479.peg.1095,STRING match lost to mapping collision,Multiple antibiotic resistance (MarC)-like protein; COG2095 Multiple antibiotic transporter.,1,0.7,5,fig|6666666.1036479.peg.777,High,COG2962 Predicted permeases.,3,0.6553979754447937
fig|6666666.1036479.peg.1218,no STRING match,,1,0.75,1,fig|6666666.1036479.peg.856,Low,,0,0.9366126537322998
fig|6666666.1036479.peg.1218,no STRING match,,1,0.75,2,fig|6666666.1036479.peg.779,Medium,Hypothetical protein.,12,0.9200257062911987
fig|6666666.1036479.peg.1218,no STRING match,,1,0.75,3,fig|6666666.1036479.peg.897,Low,prolyl-tRNA synthetase; COG0457 FOG: TPR repeat.,11,0.9155445158481598
fig|6666666.1036479.peg.1218,no STRING match,,1,0.75,4,fig|6666666.1036479.peg.1741,Medium,Hypothetical protein.,2,0.9110462248325348
fig|6666666.1036479.peg.1218,no STRING match,,1,0.75,5,fig|6666666.1036479.peg.1719,Medium,,0,0.9091892719268799
fig|6666666.1036479.peg.1270,no STRING match,,1,0.75,1,fig|6666666.1036479.peg.897,Low,prolyl-tRNA synthetase; COG0457 FOG: TPR repeat.,11,0.7581750929355622
fig|6666666.1036479.peg.1270,no STRING match,,1,0.75,2,fig|6666666.1036479.peg.3131,Low,,0,0.7529384374618531
fig|6666666.1036479.peg.1270,no STRING match,,1,0.75,3,fig|6666666.1036479.peg.856,Low,,0,0.7337555944919586
fig|6666666.1036479.peg.1270,no STRING match,,1,0.75,4,fig|6666666.1036479.peg.1419,High,,0,0.73309166431427
fig|6666666.1036479.peg.1270,no STRING match,,1,0.75,5,fig|6666666.1036479.peg.1719,Medium,,0,0.7299631357192993
fig|6666666.1036479.peg.1284,no STRING match,,1,0.75,1,fig|6666666.1036479.peg.897,Low,prolyl-tRNA synthetase; COG0457 FOG: TPR repeat.,11,0.9241727352142334
fig|6666666.1036479.peg.1284,no STRING match,,1,0.75,2,fig|6666666.1036479.peg.856,Low,,0,0.9237058818340301
fig|6666666.1036479.peg.1284,no STRING match,,1,0.75,3,fig|6666666.1036479.peg.3131,Low,,0,0.9148377537727356
fig|6666666.1036479.peg.1284,no STRING match,,1,0.75,4,fig|6666666.1036479.peg.779,Medium,Hypothetical protein.,12,0.9031570136547089
fig|6666666.1036479.peg.1284,no STRING match,,1,0.75,5,fig|6666666.1036479.peg.1741,Medium,Hypothetical protein.,2,0.9004598259925842
fig|6666666.1036479.peg.1319,no STRING match,,1,0.85,1,fig|6666666.1036479.peg.856,Low,,0,0.8733622372150421
fig|6666666.1036479.peg.1319,no STRING match,,1,0.85,2,fig|6666666.1036479.peg.2548,High,,0,0.8591803669929504
fig|6666666.1036479.peg.1319,no STRING match,,1,0.85,3,fig|6666666.1036479.peg.779,Medium,Hypothetical protein.,12,0.8449277997016906
fig|6666666.1036479.peg.1319,no STRING match,,1,0.85,4,fig|6666666.1036479.peg.866,High,,0,0.8388437390327453
fig|6666666.1036479.peg.1319,no STRING match,,1,0.85,5,fig|6666666.1036479.peg.979,Very Low,,0,0.8386161267757416
fig|6666666.1036479.peg.1365,no STRING match,,1,0.85,1,fig|6666666.1036479.peg.856,Low,,0,0.8815396964550019
fig|6666666.1036479.peg.1365,no STRING match,,1,0.85,2,fig|6666666.1036479.peg.2548,High,,0,0.8691348969936371
fig|6666666.1036479.peg.1365,no STRING match,,1,0.85,3,fig|6666666.1036479.peg.779,Medium,Hypothetical protein.,12,0.8568894505500794
fig|6666666.1036479.peg.1365,no STRING match,,1,0.85,4,fig|6666666.1036479.peg.2522,Very Low,,0,0.8507721066474915
fig|6666666.1036479.peg.1365,no STRING match,,1,0.85,5,fig|6666666.1036479.peg.866,High,,0,0.8504527151584625
fig|6666666.1036479.peg.1390,no STRING match,,1,0.7,1,fig|6666666.1036479.peg.856,Low,,0,0.8714181065559388
fig|6666666.1036479.peg.1390,no STRING match,,1,0.7,2,fig|6666666.1036479.peg.3131,Low,,0,0.8450264811515809
fig|6666666.1036479.peg.1390,no STRING match,,1,0.7,3,fig|6666666.1036479.peg.897,Low,prolyl-tRNA synthetase; COG0457 FOG: TPR repeat.,11,0.8430898129940033
fig|6666666.1036479.peg.1390,no STRING match,,1,0.7,4,fig|6666666.1036479.peg.2282,Low,Hypothetical protein.,58,0.8424029469490051
fig|6666666.1036479.peg.1390,no STRING match,,1,0.7,5,fig|6666666.1036479.peg.1719,Medium,,0,0.8407038807868957
fig|6666666.1036479.peg.1402,no STRING match,,1,0.75,1,fig|6666666.1036479.peg.897,Low,prolyl-tRNA synthetase; COG0457 FOG: TPR repeat.,11,0.907545530796051
fig|6666666.1036479.peg.1402,no STRING match,,1,0.75,2,fig|6666666.1036479.peg.856,Low,,0,0.9051028072834015
fig|6666666.1036479.peg.1402,no STRING match,,1,0.75,3,fig|6666666.1036479.peg.3131,Low,,0,0.8923090934753418
fig|6666666.1036479.peg.1402,no STRING match,,1,0.75,4,fig|6666666.1036479.peg.779,Medium,Hypothetical protein.,12,0.8896422386169434
fig|6666666.1036479.peg.1402,no STRING match,,1,0.75,5,fig|6666666.1036479.peg.1741,Medium,Hypothetical protein.,2,0.8815686285495759
fig|6666666.1036479.peg.1403,no STRING match,,1,0.75,1,fig|6666666.1036479.peg.897,Low,prolyl-tRNA synthetase; COG0457 FOG: TPR repeat.,11,0.6915967404842377
fig|6666666.1036479.peg.1403,no STRING match,,1,0.75,2,fig|6666666.1036479.peg.3131,Low,,0,0.6818783044815063
fig|6666666.1036479.peg.1403,no STRING match,,1,0.75,3,fig|6666666.1036479.peg.856,Low,,0,0.6781270802021027
fig|6666666.1036479.peg.1403,no STRING match,,1,0.75,4,fig|6666666.1036479.peg.779,Medium,Hypothetical protein.,12,0.670317530632019
fig|6666666.1036479.peg.1403,no STRING match,,1,0.75,5,fig|6666666.1036479.peg.1719,Medium,,0,0.6675094246864319
fig|6666666.1036479.peg.1419,no STRING match,,1,0.75,1,fig|6666666.1036479.peg.856,Low,,0,0.9716736912727356
fig|6666666.1036479.peg.1419,no STRING match,,1,0.75,2,fig|6666666.1036479.peg.897,Low,prolyl-tRNA synthetase; COG0457 FOG: TPR repeat.,11,0.9678889095783234
fig|6666666.1036479.peg.1419,no STRING match,,1,0.75,3,fig|6666666.1036479.peg.779,Medium,Hypothetical protein.,12,0.9644230008125305
fig|6666666.1036479.peg.1419,no STRING match,,1,0.75,4,fig|6666666.1036479.peg.3131,Low,,0,0.9625990390777588
fig|6666666.1036479.peg.1419,no STRING match,,1,0.75,5,fig|6666666.1036479.peg.1741,Medium,Hypothetical protein.,2,0.9590559005737305
fig|6666666.1036479.peg.1452,no STRING match,,1,0.7,1,fig|6666666.1036479.peg.619,Low,Hypothetical protein.,9,0.760019040107727
fig|6666666.1036479.peg.1452,no STRING match,,1,0.7,2,fig|6666666.1036479.peg.781,Medium,,0,0.7571921110153198
fig|6666666.1036479.peg.1452,no STRING match,,1,0.7,3,fig|6666666.1036479.peg.2080,High,Putative amino-acid efflux protein.,22,0.7558402836322784
fig|6666666.1036479.peg.1452,no STRING match,,1,0.7,4,fig|6666666.1036479.peg.3046,Low,Hypothetical protein.,9,0.7538614690303802
fig|6666666.1036479.peg.1452,no STRING match,,1,0.7,5,fig|6666666.1036479.peg.2467,Low,,0,0.7533065974712372
fig|6666666.1036479.peg.1490,no STRING match,,1,0.7,1,fig|6666666.1036479.peg.781,Medium,,0,0.7884342730045318
fig|6666666.1036479.peg.1490,no STRING match,,1,0.7,2,fig|6666666.1036479.peg.619,Low,Hypothetical protein.,9,0.7864328682422638
fig|6666666.1036479.peg.1490,no STRING match,,1,0.7,3,fig|6666666.1036479.peg.979,Very Low,,0,0.783970195055008
fig|6666666.1036479.peg.1490,no STRING match,,1,0.7,4,fig|6666666.1036479.peg.1056,High,Acyltransferase; COG1835 Predicted acyltransferases.,2,0.7790603101253509
fig|6666666.1036479.peg.1490,no STRING match,,1,0.7,5,fig|6666666.1036479.peg.2080,High,Putative amino-acid efflux protein.,22,0.7777489066123963
fig|6666666.1036479.peg.1519,no STRING match,,1,0.7,1,fig|6666666.1036479.peg.856,Low,,0,0.954411780834198
fig|6666666.1036479.peg.1519,no STRING match,,1,0.7,2,fig|6666666.1036479.peg.2548,High,,0,0.940204507112503
fig|6666666.1036479.peg.1519,no STRING match,,1,0.7,3,fig|6666666.1036479.peg.779,Medium,Hypothetical protein.,12,0.9366269290447236
fig|6666666.1036479.peg.1519,no STRING match,,1,0.7,4,fig|6666666.1036479.peg.866,High,,0,0.9339504420757294
fig|6666666.1036479.peg.1519,no STRING match,,1,0.7,5,fig|6666666.1036479.peg.411,Low,Hypothetical protein.,0,0.9306782960891724
fig|6666666.1036479.peg.1547,no STRING match,,1,0.75,1,fig|6666666.1036479.peg.856,Low,,0,0.963680112361908
fig|6666666.1036479.peg.1547,no STRING match,,1,0.75,2,fig|6666666.1036479.peg.779,Medium,Hypothetical protein.,12,0.9489480257034302
fig|6666666.1036479.peg.1547,no STRING match,,1,0.75,3,fig|6666666.1036479.peg.897,Low,prolyl-tRNA synthetase; COG0457 FOG: TPR repeat.,11,0.9433996200561523
fig|6666666.1036479.peg.1547,no STRING match,,1,0.75,4,fig|6666666.1036479.peg.1741,Medium,Hypothetical protein.,2,0.9433288097381591
fig|6666666.1036479.peg.1547,no STRING match,,1,0.75,5,fig|6666666.1036479.peg.1719,Medium,,0,0.9396795868873596
fig|6666666.1036479.peg.1566,no STRING match,,1,0.7,1,fig|6666666.1036479.peg.2516,Very Low,,0,0.920716255903244
fig|6666666.1036479.peg.1566,no STRING match,,1,0.7,2,fig|6666666.1036479.peg.2548,High,,0,0.9167873620986938
fig|6666666.1036479.peg.1566,no STRING match,,1,0.7,3,fig|6666666.1036479.peg.619,Low,Hypothetical protein.,9,0.9131952345371246
fig|6666666.1036479.peg.1566,no STRING match,,1,0.7,4,fig|6666666.1036479.peg.3077,Medium,,0,0.9088873028755188
fig|6666666.1036479.peg.1566,no STRING match,,1,0.7,5,fig|6666666.1036479.peg.874,Medium,,0,0.9079373240470886
fig|6666666.1036479.peg.1594,no STRING match,,1,0.75,1,fig|6666666.1036479.peg.856,Low,,0,0.8536113858222961
fig|6666666.1036479.peg.1594,no STRING match,,1,0.75,2,fig|6666666.1036479.peg.2548,High,,0,0.8477792918682099
fig|6666666.1036479.peg.1594,no STRING match,,1,0.75,3,fig|6666666.1036479.peg.866,High,,0,0.8339538753032685
fig|6666666.1036479.peg.1594,no STRING match,,1,0.75,4,fig|6666666.1036479.peg.411,Low,Hypothetical protein.,0,0.8310709476470948
fig|6666666.1036479.peg.1594,no STRING match,,1,0.75,5,fig|6666666.1036479.peg.619,Low,Hypothetical protein.,9,0.8302699089050293
fig|6666666.1036479.peg.1665,no STRING match,,1,0.75,1,fig|6666666.1036479.peg.856,Low,,0,0.9055716931819916
fig|6666666.1036479.peg.1665,no STRING match,,1,0.75,2,fig|6666666.1036479.peg.897,Low,prolyl-tRNA synthetase; COG0457 FOG: TPR repeat.,11,0.8893104374408722
fig|6666666.1036479.peg.1665,no STRING match,,1,0.75,3,fig|6666666.1036479.peg.779,Medium,Hypothetical protein.,12,0.8821575045585632
fig|6666666.1036479.peg.1665,no STRING match,,1,0.75,4,fig|6666666.1036479.peg.1741,Medium,Hypothetical protein.,2,0.8748155415058136
fig|6666666.1036479.peg.1665,no STRING match,,1,0.75,5,fig|6666666.1036479.peg.3131,Low,,0,0.8709208011627197
fig|6666666.1036479.peg.1671,no STRING match,,1,0.75,1,fig|6666666.1036479.peg.856,Low,,0,0.9822345316410065
fig|6666666.1036479.peg.1671,no STRING match,,1,0.75,2,fig|6666666.1036479.peg.897,Low,prolyl-tRNA synthetase; COG0457 FOG: TPR repeat.,11,0.978020441532135
fig|6666666.1036479.peg.1671,no STRING match,,1,0.75,3,fig|6666666.1036479.peg.779,Medium,Hypothetical protein.,12,0.9766096949577332
fig|6666666.1036479.peg.1671,no STRING match,,1,0.75,4,fig|6666666.1036479.peg.1741,Medium,Hypothetical protein.,2,0.9720849633216858
fig|6666666.1036479.peg.1671,no STRING match,,1,0.75,5,fig|6666666.1036479.peg.3131,Low,,0,0.9719345569610596
fig|6666666.1036479.peg.1677,no STRING match,,1,0.7,1,fig|6666666.1036479.peg.2506,Very Low,,0,0.9008069217205048
fig|6666666.1036479.peg.1677,no STRING match,,1,0.7,2,fig|6666666.1036479.peg.619,Low,Hypothetical protein.,9,0.9004974365234375
fig|6666666.1036479.peg.1677,no STRING match,,1,0.7,3,fig|6666666.1036479.peg.2548,High,,0,0.9000944256782532
fig|6666666.1036479.peg.1677,no STRING match,,1,0.7,4,fig|6666666.1036479.peg.3077,Medium,,0,0.889510178565979
fig|6666666.1036479.peg.1677,no STRING match,,1,0.7,5,fig|6666666.1036479.peg.781,Medium,,0,0.8869934976100922
fig|6666666.1036479.peg.1732,no STRING match,,1,0.7,1,fig|6666666.1036479.peg.856,Low,,0,0.8764849245548249
fig|6666666.1036479.peg.1732,no STRING match,,1,0.7,2,fig|6666666.1036479.peg.2548,High,,0,0.8745873749256134
fig|6666666.1036479.peg.1732,no STRING match,,1,0.7,3,fig|6666666.1036479.peg.866,High,,0,0.8727113962173462
fig|6666666.1036479.peg.1732,no STRING match,,1,0.7,4,fig|6666666.1036479.peg.1029,Low,Hypothetical protein.,40,0.8721482813358307
fig|6666666.1036479.peg.1732,no STRING match,,1,0.7,5,fig|6666666.1036479.peg.619,Low,Hypothetical protein.,9,0.8712967753410339
fig|6666666.1036479.peg.1839,no STRING match,,1,0.7,1,fig|6666666.1036479.peg.619,Low,Hypothetical protein.,9,0.7845445573329926
fig|6666666.1036479.peg.1839,no STRING match,,1,0.7,2,fig|6666666.1036479.peg.781,Medium,,0,0.7836886644363403
fig|6666666.1036479.peg.1839,no STRING match,,1,0.7,3,fig|6666666.1036479.peg.1056,High,Acyltransferase; COG1835 Predicted acyltransferases.,2,0.7764964580535889
fig|6666666.1036479.peg.1839,no STRING match,,1,0.7,4,fig|6666666.1036479.peg.2080,High,Putative amino-acid efflux protein.,22,0.775265508890152
fig|6666666.1036479.peg.1839,no STRING match,,1,0.7,5,fig|6666666.1036479.peg.2467,Low,,0,0.7703290343284607
fig|6666666.1036479.peg.1883,no STRING match,,1,0.75,1,fig|6666666.1036479.peg.856,Low,,0,0.8683444201946259
fig|6666666.1036479.peg.1883,no STRING match,,1,0.75,2,fig|6666666.1036479.peg.897,Low,prolyl-tRNA synthetase; COG0457 FOG: TPR repeat.,11,0.8513033568859101
fig|6666666.1036479.peg.1883,no STRING match,,1,0.75,3,fig|6666666.1036479.peg.779,Medium,Hypothetical protein.,12,0.8488926649093628
fig|6666666.1036479.peg.1883,no STRING match,,1,0.75,4,fig|6666666.1036479.peg.1741,Medium,Hypothetical protein.,2,0.8381037890911103
fig|6666666.1036479.peg.1883,no STRING match,,1,0.75,5,fig|6666666.1036479.peg.1719,Medium,,0,0.8316868782043457
fig|6666666.1036479.peg.1885,no STRING match,,1,0.7,1,fig|6666666.1036479.peg.2548,High,,0,0.8360237360000611
fig|6666666.1036479.peg.1885,no STRING match,,1,0.7,2,fig|6666666.1036479.peg.619,Low,Hypothetical protein.,9,0.8355029344558715
fig|6666666.1036479.peg.1885,no STRING match,,1,0.7,3,fig|6666666.1036479.peg.2516,Very Low,,0,0.8328585207462311
fig|6666666.1036479.peg.1885,no STRING match,,1,0.7,4,fig|6666666.1036479.peg.866,High,,0,0.8309829354286193
fig|6666666.1036479.peg.1885,no STRING match,,1,0.7,5,fig|6666666.1036479.peg.781,Medium,,0,0.8292921125888825
fig|6666666.1036479.peg.1910,no STRING match,,1,0.7,1,fig|6666666.1036479.peg.619,Low,Hypothetical protein.,9,0.831646078824997
fig|6666666.1036479.peg.1910,no STRING match,,1,0.7,2,fig|6666666.1036479.peg.2506,Very Low,,0,0.8280001699924469
fig|6666666.1036479.peg.1910,no STRING match,,1,0.7,3,fig|6666666.1036479.peg.781,Medium,,0,0.8266291320323944
fig|6666666.1036479.peg.1910,no STRING match,,1,0.7,4,fig|6666666.1036479.peg.1056,High,Acyltransferase; COG1835 Predicted acyltransferases.,2,0.8188693225383759
fig|6666666.1036479.peg.1910,no STRING match,,1,0.7,5,fig|6666666.1036479.peg.3077,Medium,,0,0.8177849531173706
fig|6666666.1036479.peg.1933,no STRING match,,1,0.75,1,fig|6666666.1036479.peg.897,Low,prolyl-tRNA synthetase; COG0457 FOG: TPR repeat.,11,0.8308043301105499
fig|6666666.1036479.peg.1933,no STRING match,,1,0.75,2,fig|6666666.1036479.peg.3131,Low,,0,0.8173269689083099
fig|6666666.1036479.peg.1933,no STRING match,,1,0.75,3,fig|6666666.1036479.peg.1460,Very Low,COG2825 Outer membrane protein.,33,0.787294340133667
fig|6666666.1036479.peg.1933,no STRING match,,1,0.75,4,fig|6666666.1036479.peg.2234,Medium,BatC protein; COG0457 FOG: TPR repeat.,20,0.7853378891944885
fig|6666666.1036479.peg.1933,no STRING match,,1,0.75,5,fig|6666666.1036479.peg.856,Low,,0,0.7757039129734039
fig|6666666.1036479.peg.1937,no STRING match,,1,0.8,1,fig|6666666.1036479.peg.2516,Very Low,,0,0.9490852355957031
fig|6666666.1036479.peg.1937,no STRING match,,1,0.8,2,fig|6666666.1036479.peg.874,Medium,,0,0.9341585457324981
fig|6666666.1036479.peg.1937,no STRING match,,1,0.8,3,fig|6666666.1036479.peg.3077,Medium,,0,0.932431548833847
fig|6666666.1036479.peg.1937,no STRING match,,1,0.8,4,fig|6666666.1036479.peg.2548,High,,0,0.9310127556324005
fig|6666666.1036479.peg.1937,no STRING match,,1,0.8,5,fig|6666666.1036479.peg.2501,High,,0,0.9259900510311126
fig|6666666.1036479.peg.1951,no STRING match,,1,0.75,1,fig|6666666.1036479.peg.856,Low,,0,0.9403696179389953
fig|6666666.1036479.peg.1951,no STRING match,,1,0.75,2,fig|6666666.1036479.peg.779,Medium,Hypothetical protein.,12,0.9249152660369873
fig|6666666.1036479.peg.1951,no STRING match,,1,0.75,3,fig|6666666.1036479.peg.897,Low,prolyl-tRNA synthetase; COG0457 FOG: TPR repeat.,11,0.917289263010025
fig|6666666.1036479.peg.1951,no STRING match,,1,0.75,4,fig|6666666.1036479.peg.1741,Medium,Hypothetical protein.,2,0.9141723930835723
fig|6666666.1036479.peg.1951,no STRING match,,1,0.75,5,fig|6666666.1036479.peg.1719,Medium,,0,0.9064843654632568
fig|6666666.1036479.peg.1955,no STRING match,,1,0.85,1,fig|6666666.1036479.peg.856,Low,,0,0.8360154867172241
fig|6666666.1036479.peg.1955,no STRING match,,1,0.85,2,fig|6666666.1036479.peg.779,Medium,Hypothetical protein.,12,0.8119983792304992
fig|6666666.1036479.peg.1955,no STRING match,,1,0.85,3,fig|6666666.1036479.peg.2548,High,,0,0.81006960272789
fig|6666666.1036479.peg.1955,no STRING match,,1,0.85,4,fig|6666666.1036479.peg.942,Very Low,,0,0.7987352073192596
fig|6666666.1036479.peg.1955,no STRING match,,1,0.85,5,fig|6666666.1036479.peg.974,Very Low,,0,0.7972383618354797
fig|6666666.1036479.peg.2042,no STRING match,,1,0.75,1,fig|6666666.1036479.peg.856,Low,,0,0.9621480882167817
fig|6666666.1036479.peg.2042,no STRING match,,1,0.75,2,fig|6666666.1036479.peg.779,Medium,Hypothetical protein.,12,0.9519202709197998
fig|6666666.1036479.peg.2042,no STRING match,,1,0.75,3,fig|6666666.1036479.peg.897,Low,prolyl-tRNA synthetase; COG0457 FOG: TPR repeat.,11,0.9510883569717408
fig|6666666.1036479.peg.2042,no STRING match,,1,0.75,4,fig|6666666.1036479.peg.1741,Medium,Hypothetical protein.,2,0.9430579006671905
fig|6666666.1036479.peg.2042,no STRING match,,1,0.75,5,fig|6666666.1036479.peg.1719,Medium,,0,0.9397928297519684
fig|6666666.1036479.peg.2055,no STRING match,,1,0.7,1,fig|6666666.1036479.peg.2345,Low,"COG0843 Heme/copper-type cytochrome/quinol oxidases, subunit 1; Belongs to the heme-copper respiratory oxidase family.",38,0.6958846151828766
fig|6666666.1036479.peg.2055,no STRING match,,1,0.7,2,fig|6666666.1036479.peg.3002,Low,"succinyl-CoA synthetase, alpha subunit; Succinyl-CoA synthetase functions in the citric acid cycle (TCA), coupling the hydrolysis of succinyl-CoA to the synthesis of either ATP or GTP and thus represents the only step of substrate-level phosphorylation in the TCA. The alpha subunit of the enzyme binds the substrates coenzyme A and phosphate, while succinate binding and nucleotide specificity is provided by the beta subunit.",57,0.6757639110088348
fig|6666666.1036479.peg.2055,no STRING match,,1,0.7,3,fig|6666666.1036479.peg.2329,High,"NADH dehydrogenase I, H subunit; NDH-1 shuttles electrons from NADH, via FMN and iron-sulfur (Fe-S) centers, to quinones in the respiratory chain. The immediate electron acceptor for the enzyme in this species is believed to be ubiquinone. Couples the redox reaction to proton translocation (for every two electrons transferred, four hydrogen ions are translocated across the cytoplasmic membrane), and thus conserves the redox energy in a proton gradient. This subunit may bind ubiquinone.",39,0.6734931468963623
fig|6666666.1036479.peg.2055,no STRING match,,1,0.7,4,fig|6666666.1036479.peg.2343,Low,Hypothetical protein.,64,0.6689713358879089
fig|6666666.1036479.peg.2055,no STRING match,,1,0.7,5,fig|6666666.1036479.peg.938,Low,"COG1884 Methylmalonyl-CoA mutase, N-terminal domain/subunit.",24,0.6668206989765167
fig|6666666.1036479.peg.2104,no STRING match,,1,0.75,1,fig|6666666.1036479.peg.856,Low,,0,0.9411432087421417
fig|6666666.1036479.peg.2104,no STRING match,,1,0.75,2,fig|6666666.1036479.peg.779,Medium,Hypothetical protein.,12,0.9244442522525788
fig|6666666.1036479.peg.2104,no STRING match,,1,0.75,3,fig|6666666.1036479.peg.2548,High,,0,0.9126810491085052
fig|6666666.1036479.peg.2104,no STRING match,,1,0.75,4,fig|6666666.1036479.peg.1741,Medium,Hypothetical protein.,2,0.9123571157455445
fig|6666666.1036479.peg.2104,no STRING match,,1,0.75,5,fig|6666666.1036479.peg.1719,Medium,,0,0.9080190777778625
fig|6666666.1036479.peg.2118,no STRING match,,1,0.75,1,fig|6666666.1036479.peg.856,Low,,0,0.8693546295166016
fig|6666666.1036479.peg.2118,no STRING match,,1,0.75,2,fig|6666666.1036479.peg.779,Medium,Hypothetical protein.,12,0.8451490998268127
fig|6666666.1036479.peg.2118,no STRING match,,1,0.75,3,fig|6666666.1036479.peg.1741,Medium,Hypothetical protein.,2,0.8301601409912109
fig|6666666.1036479.peg.2118,no STRING match,,1,0.75,4,fig|6666666.1036479.peg.897,Low,prolyl-tRNA synthetase; COG0457 FOG: TPR repeat.,11,0.8285010993480683
fig|6666666.1036479.peg.2118,no STRING match,,1,0.75,5,fig|6666666.1036479.peg.2548,High,,0,0.8283302068710328
fig|6666666.1036479.peg.2188,no STRING match,,1,0.7,1,fig|6666666.1036479.peg.856,Low,,0,0.9115415632724762
fig|6666666.1036479.peg.2188,no STRING match,,1,0.7,2,fig|6666666.1036479.peg.897,Low,prolyl-tRNA synthetase; COG0457 FOG: TPR repeat.,11,0.8992112219333649
fig|6666666.1036479.peg.2188,no STRING match,,1,0.7,3,fig|6666666.1036479.peg.3131,Low,,0,0.892316859960556
fig|6666666.1036479.peg.2188,no STRING match,,1,0.7,4,fig|6666666.1036479.peg.779,Medium,Hypothetical protein.,12,0.8889954447746277
fig|6666666.1036479.peg.2188,no STRING match,,1,0.7,5,fig|6666666.1036479.peg.1719,Medium,,0,0.8847113728523255
fig|6666666.1036479.peg.2319,no STRING match,,1,0.7,1,fig|6666666.1036479.peg.2343,Low,Hypothetical protein.,64,0.6107412278652191
fig|6666666.1036479.peg.2319,no STRING match,,1,0.7,2,fig|6666666.1036479.peg.1137,Low,"Preprotein translocase subunit SecY; The central subunit of the protein translocation channel SecYEG. Consists of two halves formed by TMs 1-5 and 6-10. These two domains form a lateral gate at the front which open onto the bilayer between TMs 2 and 7, and are clamped together by SecE at the back. The channel is closed by both a pore ring composed of hydrophobic SecY resides and a short helix (helix 2A) on the extracellular side of the membrane which forms a plug. The plug probably moves laterally to allow the channel to open. The ring and the pore may move independently.",58,0.5983799815177917
fig|6666666.1036479.peg.2319,no STRING match,,1,0.7,3,fig|6666666.1036479.peg.2329,High,"NADH dehydrogenase I, H subunit; NDH-1 shuttles electrons from NADH, via FMN and iron-sulfur (Fe-S) centers, to quinones in the respiratory chain. The immediate electron acceptor for the enzyme in this species is believed to be ubiquinone. Couples the redox reaction to proton translocation (for every two electrons transferred, four hydrogen ions are translocated across the cytoplasmic membrane), and thus conserves the redox energy in a proton gradient. This subunit may bind ubiquinone.",39,0.597800612449646
fig|6666666.1036479.peg.2319,no STRING match,,1,0.7,4,fig|6666666.1036479.peg.2345,Low,"COG0843 Heme/copper-type cytochrome/quinol oxidases, subunit 1; Belongs to the heme-copper respiratory oxidase family.",38,0.5948117971420288
fig|6666666.1036479.peg.2319,no STRING match,,1,0.7,5,fig|6666666.1036479.peg.2054,Low,"ATP synthase F0, A subunit; Key component of the proton channel; it plays a direct role in the translocation of protons across the membrane.",42,0.594303411245346
fig|6666666.1036479.peg.2332,no STRING match,,1,0.7,1,fig|6666666.1036479.peg.431,High,COG3256 Nitric oxide reductase large subunit; Belongs to the heme-copper respiratory oxidase family.,15,0.670204758644104
fig|6666666.1036479.peg.2332,no STRING match,,1,0.7,2,fig|6666666.1036479.peg.2659,High,,0,0.6659923493862152
fig|6666666.1036479.peg.2332,no STRING match,,1,0.7,3,fig|6666666.1036479.peg.2080,High,Putative amino-acid efflux protein.,22,0.6649797439575196
fig|6666666.1036479.peg.2332,no STRING match,,1,0.7,4,fig|6666666.1036479.peg.2467,Low,,0,0.6640078544616699
fig|6666666.1036479.peg.2332,no STRING match,,1,0.7,5,fig|6666666.1036479.peg.441,Low,Hypothetical protein.,19,0.6619087278842926
fig|6666666.1036479.peg.2348,no STRING match,,1,0.85,1,fig|6666666.1036479.peg.856,Low,,0,0.9574569463729858
fig|6666666.1036479.peg.2348,no STRING match,,1,0.85,2,fig|6666666.1036479.peg.779,Medium,Hypothetical protein.,12,0.946234405040741
fig|6666666.1036479.peg.2348,no STRING match,,1,0.85,3,fig|6666666.1036479.peg.897,Low,prolyl-tRNA synthetase; COG0457 FOG: TPR repeat.,11,0.9392713785171509
fig|6666666.1036479.peg.2348,no STRING match,,1,0.85,4,fig|6666666.1036479.peg.1741,Medium,Hypothetical protein.,2,0.9365281999111176
fig|6666666.1036479.peg.2348,no STRING match,,1,0.85,5,fig|6666666.1036479.peg.1719,Medium,,0,0.9334655284881592
fig|6666666.1036479.peg.2434,no STRING match,,1,0.75,1,fig|6666666.1036479.peg.856,Low,,0,0.9133041739463806
fig|6666666.1036479.peg.2434,no STRING match,,1,0.75,2,fig|6666666.1036479.peg.2548,High,,0,0.905787992477417
fig|6666666.1036479.peg.2434,no STRING match,,1,0.75,3,fig|6666666.1036479.peg.2506,Very Low,,0,0.8940442502498627
fig|6666666.1036479.peg.2434,no STRING match,,1,0.75,4,fig|6666666.1036479.peg.1901,Very Low,,0,0.8881556570529938
fig|6666666.1036479.peg.2434,no STRING match,,1,0.75,5,fig|6666666.1036479.peg.411,Low,Hypothetical protein.,0,0.8870750367641449
fig|6666666.1036479.peg.2437,no STRING match,,1,0.75,1,fig|6666666.1036479.peg.856,Low,,0,0.9108736634254455
fig|6666666.1036479.peg.2437,no STRING match,,1,0.75,2,fig|6666666.1036479.peg.897,Low,prolyl-tRNA synthetase; COG0457 FOG: TPR repeat.,11,0.9095732569694519
fig|6666666.1036479.peg.2437,no STRING match,,1,0.75,3,fig|6666666.1036479.peg.779,Medium,Hypothetical protein.,12,0.8951027393341064
fig|6666666.1036479.peg.2437,no STRING match,,1,0.75,4,fig|6666666.1036479.peg.3131,Low,,0,0.8938472867012024
fig|6666666.1036479.peg.2437,no STRING match,,1,0.75,5,fig|6666666.1036479.peg.1741,Medium,Hypothetical protein.,2,0.8876551747322082
fig|6666666.1036479.peg.2439,no STRING match,,1,0.75,1,fig|6666666.1036479.peg.897,Low,prolyl-tRNA synthetase; COG0457 FOG: TPR repeat.,11,0.8466198682785034
fig|6666666.1036479.peg.2439,no STRING match,,1,0.75,2,fig|6666666.1036479.peg.3131,Low,,0,0.8293490588665009
fig|6666666.1036479.peg.2439,no STRING match,,1,0.75,3,fig|6666666.1036479.peg.856,Low,,0,0.8128734290599823
fig|6666666.1036479.peg.2439,no STRING match,,1,0.75,4,fig|6666666.1036479.peg.779,Medium,Hypothetical protein.,12,0.8044460654258728
fig|6666666.1036479.peg.2439,no STRING match,,1,0.75,5,fig|6666666.1036479.peg.1741,Medium,Hypothetical protein.,2,0.796522569656372
fig|6666666.1036479.peg.2456,no STRING match,,1,0.75,1,fig|6666666.1036479.peg.856,Low,,0,0.9156775176525116
fig|6666666.1036479.peg.2456,no STRING match,,1,0.75,2,fig|6666666.1036479.peg.779,Medium,Hypothetical protein.,12,0.9017133235931396
fig|6666666.1036479.peg.2456,no STRING match,,1,0.75,3,fig|6666666.1036479.peg.897,Low,prolyl-tRNA synthetase; COG0457 FOG: TPR repeat.,11,0.8963533699512481
fig|6666666.1036479.peg.2456,no STRING match,,1,0.75,4,fig|6666666.1036479.peg.1741,Medium,Hypothetical protein.,2,0.8855555295944214
fig|6666666.1036479.peg.2456,no STRING match,,1,0.75,5,fig|6666666.1036479.peg.1719,Medium,,0,0.8792226612567902
