feature_set,model,n,C2_auc_mean,C2_auc_std,C2_ap_mean,C2_ap_std,C3_auc_mean,C3_auc_std
Biomni + ESM,MLP (no graph),10,0.7333305430855802,0.02022300800571945,0.7157835724490184,0.017551212675926874,0.7183187879149349,0.04355946712619495
ESM only,MLP (no graph),10,0.7265651359268066,0.02344009084977285,0.7081889947077882,0.02150405470123074,0.713523234275199,0.048053793032522614
Biomni + ESM + Node2Vec,MLP (no graph),10,0.7208749804850243,0.02867110798544324,0.7058505875513079,0.02856567220741706,0.6726391086218675,0.05330486648308689
ESM + Node2Vec,MLP (no graph),10,0.7196332232520145,0.02589935440499047,0.7011184303443603,0.025714601147666664,0.6814997813101976,0.05505954814795542
ESM only,GraphSAGE,10,0.7102446990360339,0.026140789874987306,0.6854785534440548,0.021201380290070067,0.6779258641745481,0.047504064580035116
Biomni + ESM + Node2Vec,GraphSAGE,10,0.709588514339427,0.022017246182561297,0.6955439293980199,0.02262102429657054,0.6624217841570512,0.03802902875077324
Biomni + ESM,GraphSAGE,10,0.7094088987993782,0.018431643322460653,0.6868398711077981,0.016309568207137765,0.6797418174735447,0.03718203914902733
ESM + Node2Vec,GraphSAGE,10,0.7051432613672596,0.036709440555184866,0.6874476745921919,0.034998163865733636,0.655165978599068,0.04140475247766171
ESM + Node2Vec,GCN,10,0.7019452712900203,0.0318322947440266,0.682997772245389,0.026712808281191137,0.6557414727566458,0.04748059202167613
ESM + Node2Vec,GAT,10,0.6967668565015301,0.02693858773913602,0.6763931539459908,0.027312658372594934,0.6336736870861548,0.045539821705668754
Biomni + ESM + Node2Vec,GAT,10,0.6967501023794289,0.02726595536763427,0.6774040442051337,0.024541507546428067,0.6363436136539271,0.03728740862881722
Biomni + ESM + Node2Vec,GCN,10,0.690915622379396,0.033232233045043864,0.6698387335005881,0.031612784629000294,0.6399738457955954,0.05140104829382213
ESM only,GCN,10,0.6834105047914169,0.05787659485142696,0.6590524527632541,0.05274271515690231,0.6690092329979853,0.07007283540323599
Biomni + ESM,GAT,10,0.680172139050715,0.020482557382250945,0.6590503326664408,0.019175093222737728,0.6091058593469113,0.046632175912347626
Biomni + ESM,GCN,10,0.6800458748733429,0.02081108971994482,0.6547853038966398,0.014426018676114073,0.6301924139670636,0.0340005876289377
ESM only,GAT,10,0.6674200921702498,0.03900292245431263,0.6501279502662218,0.02874339509515002,0.6269280366061342,0.04304827129973185
Biomni only,GAT,10,0.6514303770140806,0.015797683161291133,0.6283020712303082,0.016909561650428895,0.5793339123547081,0.04054139372955075
Biomni only,GCN,10,0.6487173012977692,0.015969324482598052,0.6286325515224024,0.015908128801841913,0.5779179385494999,0.043500650507314664
Biomni + Node2Vec,GCN,10,0.6400039379587625,0.013383757188229303,0.6192060902789678,0.012872249615521048,0.5759947620797761,0.04358377834576205
Biomni + Node2Vec,GAT,10,0.6394401463433059,0.01194284356226775,0.6200821942387791,0.015015924067417155,0.5758862738439182,0.04015644417573677
Biomni + Node2Vec,MLP (no graph),10,0.6381495086529732,0.019080301301015175,0.6202409115493595,0.019010868978483118,0.5703895749617083,0.050975900196730074
Biomni only,MLP (no graph),10,0.6197755201129322,0.009486995246187605,0.6089352872364868,0.009019857058485984,0.6091533059099772,0.04939490960592049
Biomni + Node2Vec,GraphSAGE,10,0.6183837736149697,0.02019739125297264,0.6047545456167559,0.018194404780510647,0.5692947455613734,0.039772173130991455
Baseline (no training),ESM cosine,10,0.6098762427601978,0.00827587594203512,0.6173159177552914,0.007305512183354454,0.6094852542638698,0.029536691874194883
Biomni only,GraphSAGE,10,0.5990140648588657,0.018021016039963686,0.5889479413784453,0.017061825889854075,0.5703097094944691,0.048733013395685254
Baseline (no training),Partner degree,10,0.5227256750751141,0.006103996890014642,0.5228607013764096,0.00485194056460204,0.5,0.0
Node2Vec only,GCN,10,0.5148261313622553,0.011084876646143629,0.5125092977691591,0.009032809686662924,0.5059081001111959,0.03507515552063326
Node2Vec only,MLP (no graph),10,0.5143275056770455,0.008469645294109932,0.5118653851262981,0.007146691765408178,0.49546804904805575,0.01668504242631136
Node2Vec only,GAT,10,0.5130167969817765,0.011960301666037135,0.5040896243968681,0.011075648049242008,0.501371833977415,0.03160693685853412
Node2Vec only,GraphSAGE,10,0.5053817610762124,0.00805839237810843,0.50337728774916,0.007849874220341543,0.5068215974676766,0.027212403000564524
Baseline (no training),Common neighbors,10,0.5,0.0,0.5,0.0,0.5,0.0
Baseline (no training),Resource allocation,10,0.5,0.0,0.5,0.0,0.5,0.0
Baseline (no training),Preferential attachment,10,0.5,0.0,0.5,0.0,0.5,0.0
Baseline (no training),Adamic-Adar,10,0.5,0.0,0.5,0.0,0.5,0.0
