seed,feature_set,model,best_val_auc,test_auc,test_ap,best_epoch,test_saturated
0,Biomni only,GCN,0.9339547493553961,0.9356948695962387,0.9291877583618303,60,0.0
0,Biomni only,GAT,0.8754797172050865,0.8867290363252449,0.8029647066861535,42,0.0
0,Biomni only,GraphSAGE,0.9359215476055772,0.9371158362219429,0.9229442946949956,57,0.0
0,ESM only,GCN,0.9388593397166562,0.9365940632916581,0.934944393879638,60,0.0
0,ESM only,GAT,0.9093620649276491,0.9091367026281494,0.8767315927012258,60,0.0
0,ESM only,GraphSAGE,0.9487944526665868,0.9445345601262481,0.9315069720341786,25,0.0
0,Node2Vec only,GCN,0.9743620780847476,0.9720911629032981,0.9698993603091177,14,0.0
0,Node2Vec only,GAT,0.9635770165790719,0.9625898582830138,0.9473169926768361,8,0.0
0,Node2Vec only,GraphSAGE,0.9623000262014216,0.9570210224118015,0.9429951702226367,11,0.0
0,Biomni + ESM,GCN,0.9470126056280053,0.9457196387737434,0.9433112370371434,58,0.0
0,Biomni + ESM,GAT,0.9185797400984376,0.9209074187614962,0.8852139190985546,53,0.0
0,Biomni + ESM,GraphSAGE,0.9469689992447825,0.9432109560286013,0.9297108937703921,13,0.0
0,Biomni + Node2Vec,GCN,0.966835465973676,0.9655073508708684,0.9633862595075071,22,0.0
0,Biomni + Node2Vec,GAT,0.9484846969788672,0.948481125766448,0.9255596474112463,14,0.0
0,Biomni + Node2Vec,GraphSAGE,0.9597197312493494,0.9543736262579596,0.940389552563524,7,0.0
0,ESM + Node2Vec,GCN,0.9678906652642454,0.9650310639092896,0.9624042628031131,33,0.0
0,ESM + Node2Vec,GAT,0.9519036629737824,0.9519021593053953,0.9334103971660463,24,0.0
0,ESM + Node2Vec,GraphSAGE,0.9561015291931578,0.9594231326600157,0.9546073355998193,23,0.0
0,Biomni + ESM + Node2Vec,GCN,0.9655498295028007,0.961068521792478,0.9584788629846854,40,0.0
0,Biomni + ESM + Node2Vec,GAT,0.954798976452929,0.953478755609153,0.9415721230701795,43,0.0
0,Biomni + ESM + Node2Vec,GraphSAGE,0.9568590021431033,0.958093513888821,0.9534337689318728,25,0.0
0,Topology heuristic,Common neighbors,,0.9585094661563718,0.957187132888119,0,
0,Topology heuristic,Adamic-Adar,,0.9595471853019423,0.9599590451751477,0,
0,Topology heuristic,Resource allocation,,0.9595250061932342,0.9599374582577092,0,
0,Topology heuristic,Preferential attachment,,0.9529004071558074,0.94699806168264,0,
1,Biomni only,GCN,0.9450615958958875,0.9314936201229926,0.9237595157890724,57,0.0
1,Biomni only,GAT,0.9000004135088064,0.888936797434441,0.8113668022592737,60,0.0
1,Biomni only,GraphSAGE,0.9318046915205508,0.9370853869371064,0.9185891311993271,58,0.0
1,ESM only,GCN,0.9464336932990146,0.9355275864881862,0.9297353594543758,60,0.0
1,ESM only,GAT,0.910525340383533,0.9151457374196523,0.8901363213263799,60,0.0
1,ESM only,GraphSAGE,0.9404402590670262,0.9434049292505228,0.9290570185930602,31,0.0
1,Node2Vec only,GCN,0.9706532800082401,0.9680079513984302,0.9652537519728922,14,0.0
1,Node2Vec only,GAT,0.9538777916073501,0.9563251998657224,0.9434361534498639,5,0.0
1,Node2Vec only,GraphSAGE,0.9528107509282331,0.9557041848218961,0.946089151966837,11,0.0
1,Biomni + ESM,GCN,0.9351294902827311,0.9209754597560074,0.9086106780577433,24,0.0
1,Biomni + ESM,GAT,0.912262077370505,0.9169283362924275,0.8800292522715367,60,0.0
1,Biomni + ESM,GraphSAGE,0.94203696693546,0.9482941070108163,0.9389517332014152,37,0.0
1,Biomni + Node2Vec,GCN,0.9692819344393064,0.9592757731580906,0.9571742166147575,26,0.0
1,Biomni + Node2Vec,GAT,0.9545132794594012,0.9518286675129813,0.9385929459726197,23,0.0
1,Biomni + Node2Vec,GraphSAGE,0.9444075001475473,0.9529708916114477,0.9400499518059943,7,0.0
1,ESM + Node2Vec,GCN,0.9679831408700451,0.9600740331130333,0.9550198009332542,30,0.0
1,ESM + Node2Vec,GAT,0.9504593894880798,0.9536306261162388,0.9418620998267323,42,0.0
1,ESM + Node2Vec,GraphSAGE,0.9590787925993953,0.9556650894438343,0.9626728575626555,58,0.0
1,Biomni + ESM + Node2Vec,GCN,0.9692266746260846,0.9621908222848166,0.9591046802266765,52,0.0
1,Biomni + ESM + Node2Vec,GAT,0.9488406904694867,0.953413346034319,0.9420199342812823,44,0.0
1,Biomni + ESM + Node2Vec,GraphSAGE,0.9585510049955622,0.9533994371017392,0.9598758870448879,58,0.0
1,Topology heuristic,Common neighbors,,0.9551030933841974,0.9535576691197317,0,
1,Topology heuristic,Adamic-Adar,,0.9562387389334707,0.9567380837046423,0,
1,Topology heuristic,Resource allocation,,0.9563359135029798,0.9570277973647112,0,
1,Topology heuristic,Preferential attachment,,0.9495021166012133,0.9398180905742093,0,
2,Biomni only,GCN,0.9303143681904966,0.9319439688048957,0.920698757799474,60,0.0
2,Biomni only,GAT,0.8856753407030626,0.8886807978915562,0.811777235669204,60,0.0
2,Biomni only,GraphSAGE,0.9331235966544883,0.9362089362260403,0.9162842836748474,59,0.0
2,ESM only,GCN,0.9105324828083714,0.9124842443746826,0.9061467907801526,23,0.0
2,ESM only,GAT,0.9158024645876697,0.920867195632144,0.8861938147317817,59,0.0
2,ESM only,GraphSAGE,0.9413482868142191,0.9452540654494219,0.9283524879550258,21,0.0
2,Node2Vec only,GCN,0.9667756951552933,0.9721975474416775,0.9702387790193036,13,0.0
2,Node2Vec only,GAT,0.9589479734497273,0.9578886390710938,0.9440809465871784,6,0.0
2,Node2Vec only,GraphSAGE,0.9578472881904516,0.9601106850299662,0.9462735351416948,12,0.0
2,Biomni + ESM,GCN,0.9465346270394912,0.9524250599869707,0.9476715053915611,58,0.0
2,Biomni + ESM,GAT,0.898520991774558,0.8990380657411335,0.8273960608781605,25,0.0
2,Biomni + ESM,GraphSAGE,0.9372915774646723,0.9409073360597345,0.9216604925014511,13,0.0
2,Biomni + Node2Vec,GCN,0.9636743791071293,0.9684842383600089,0.9644190807986122,23,0.0
2,Biomni + Node2Vec,GAT,0.9506672716425811,0.956462409606035,0.939936243950964,22,0.0
2,Biomni + Node2Vec,GraphSAGE,0.9433989145769749,0.9497331176571644,0.9362562187078199,8,0.0
2,ESM + Node2Vec,GCN,0.9620925199640171,0.9682530493455096,0.9649239893268359,48,0.0
2,ESM + Node2Vec,GAT,0.9468817864783372,0.952090117853769,0.9336482023547371,25,0.0
2,ESM + Node2Vec,GraphSAGE,0.9500847881011714,0.9596979280577378,0.953392330234238,27,0.0
2,Biomni + ESM + Node2Vec,GCN,0.9631736575342621,0.965742674973432,0.9614410609946735,28,0.0
2,Biomni + ESM + Node2Vec,GAT,0.947033656985423,0.9566962300402118,0.9467995174055885,56,0.0
2,Biomni + ESM + Node2Vec,GraphSAGE,0.9491869101155908,0.9579540486459278,0.9496047299633372,21,0.0
2,Topology heuristic,Common neighbors,,0.962211121808041,0.9606666558819801,0,
2,Topology heuristic,Adamic-Adar,,0.9632926352953826,0.963210305338101,0,
2,Topology heuristic,Resource allocation,,0.9639309425256591,0.964174106826059,0,
2,Topology heuristic,Preferential attachment,,0.9572800292914599,0.9494218192713709,0,
3,Biomni only,GCN,0.927288611478779,0.9325845315377528,0.9190572727350698,60,0.0
3,Biomni only,GAT,0.9009221622300303,0.9029408370395626,0.8292466165708884,60,0.0
3,Biomni only,GraphSAGE,0.9303245179521089,0.9371122650095238,0.918668344490073,60,0.0
3,ESM only,GCN,0.9345964398395435,0.9386266470337699,0.9333091525735615,59,0.0
3,ESM only,GAT,0.9039054403098157,0.9062624405064205,0.8711012870317116,60,0.0
3,ESM only,GraphSAGE,0.9429820225166824,0.9469299038667207,0.9367422165771784,21,0.0
3,Node2Vec only,GCN,0.9676621076694231,0.9699191139182927,0.969718337802812,15,0.0
3,Node2Vec only,GAT,0.959135556081004,0.9530644949685376,0.9410632543093852,7,0.0
3,Node2Vec only,GraphSAGE,0.9563158019383038,0.9560139405096156,0.943210747503024,12,0.0
3,Biomni + ESM,GCN,0.9434571817269707,0.9491647310068827,0.9467434327550295,60,0.0
3,Biomni + ESM,GAT,0.9073935750505326,0.9138431846794235,0.8693392377798447,60,0.0
3,Biomni + ESM,GraphSAGE,0.9404693926420243,0.9442248044385282,0.9323378518939704,16,0.0
3,Biomni + Node2Vec,GCN,0.9634164999787607,0.9671704081068777,0.9657147589417145,28,0.0
3,Biomni + Node2Vec,GAT,0.9538542967888034,0.9528979636946787,0.9436075095981684,30,0.0
3,Biomni + Node2Vec,GraphSAGE,0.9547922099451874,0.958356655856544,0.9461756231361007,9,0.0
3,ESM + Node2Vec,GCN,0.9628708563128322,0.9657359084656907,0.9642135794504915,42,0.0
3,ESM + Node2Vec,GAT,0.959575755001295,0.9555632159106159,0.9413696909113505,21,0.0
3,ESM + Node2Vec,GraphSAGE,0.9482644095601732,0.9499363008479562,0.937893674068962,6,0.0
3,Biomni + ESM + Node2Vec,GCN,0.9624770831539896,0.965839285667296,0.9636443960901564,41,0.0
3,Biomni + ESM + Node2Vec,GAT,0.9518754691915263,0.9524667867847095,0.9393039304693118,45,0.0
3,Biomni + ESM + Node2Vec,GraphSAGE,0.9514044450693022,0.9522340941018232,0.9417273189558222,6,0.0
3,Topology heuristic,Common neighbors,,0.9543903545687649,0.9535662449723161,0,
3,Topology heuristic,Adamic-Adar,,0.9558863166552701,0.9569188681366307,0,
3,Topology heuristic,Resource allocation,,0.95658665020651,0.9578645863665582,0,
3,Topology heuristic,Preferential attachment,,0.9555166021906192,0.9485264604693701,0,
4,Biomni only,GCN,0.9293452539150825,0.9415948884296852,0.9346268424147608,60,0.0
4,Biomni only,GAT,0.8763153809111554,0.8913967989155543,0.8219013430887897,60,0.0
4,Biomni only,GraphSAGE,0.9245102082167207,0.9276540028968171,0.8882710792631519,27,0.0
4,ESM only,GCN,0.9368955488032491,0.9454529255936013,0.9404932783747129,60,0.0
4,ESM only,GAT,0.910087021048726,0.9198766540822153,0.88430074878996,60,0.0
4,ESM only,GraphSAGE,0.9412881400787395,0.949225253659459,0.9388094656643783,21,0.0
4,Node2Vec only,GCN,0.9684658184222685,0.973620769569962,0.9757583114387252,13,0.0
4,Node2Vec only,GAT,0.9539174508610571,0.9643217083477279,0.9574165925500397,6,0.0
4,Node2Vec only,GraphSAGE,0.9541817205800702,0.958146894116559,0.948468405391403,11,0.0
4,Biomni + ESM,GCN,0.9422516155977025,0.9539877473581487,0.9495165428394852,59,0.0
4,Biomni + ESM,GAT,0.9127398680004707,0.9260586107382222,0.8949036012406588,58,0.0
4,Biomni + ESM,GraphSAGE,0.9379571386844631,0.9440595888745079,0.9323405491383991,16,0.0
4,Biomni + Node2Vec,GCN,0.9639070717900158,0.9679316402277908,0.9704059362753518,31,0.0
4,Biomni + Node2Vec,GAT,0.9510236410502974,0.9577935320456169,0.9496205656186949,21,0.0
4,Biomni + Node2Vec,GraphSAGE,0.9553350342328903,0.960608211307511,0.9517425347135178,9,0.0
4,ESM + Node2Vec,GCN,0.963375900932312,0.9668170460359354,0.9656800848319795,37,0.0
4,ESM + Node2Vec,GAT,0.9459465047416302,0.9496218461965272,0.9338657002452938,31,0.0
4,ESM + Node2Vec,GraphSAGE,0.9474524286311994,0.9530242718391857,0.9445723227401284,11,0.0
4,Biomni + ESM + Node2Vec,GCN,0.9641168335300004,0.967936151232952,0.9671403273459158,47,0.0
4,Biomni + ESM + Node2Vec,GAT,0.9502323355616445,0.9555314509159408,0.9395834229949864,23,0.0
4,Biomni + ESM + Node2Vec,GraphSAGE,0.9475400173147415,0.9555669750815835,0.956014119744877,23,0.0
4,Topology heuristic,Common neighbors,,0.9624915559622144,0.9613945714946456,0,
4,Topology heuristic,Adamic-Adar,,0.9634465733465004,0.9639107695337724,0,
4,Topology heuristic,Resource allocation,,0.963525327978269,0.9641334685037545,0,
4,Topology heuristic,Preferential attachment,,0.9575922284403087,0.9503839940601533,0,
5,Biomni only,GCN,0.928015635143888,0.9333280955551188,0.9272878287277895,60,0.0
5,Biomni only,GAT,0.8901596557501593,0.9025904823053943,0.8339871016862141,60,0.0
5,Biomni only,GraphSAGE,0.932071028783596,0.9389226817474582,0.9267894656383825,58,0.0
5,ESM only,GCN,0.931947727975863,0.936021541553312,0.9346823679343527,59,0.0
5,ESM only,GAT,0.9084792236259384,0.9097983167184241,0.8760741435668811,55,0.0
5,ESM only,GraphSAGE,0.9377642932138318,0.9430993086508673,0.9322075980209106,23,0.0
5,Node2Vec only,GCN,0.9662591850643626,0.9698920478873271,0.9704721173015879,12,0.0
5,Node2Vec only,GAT,0.956784946475044,0.9606565166544431,0.9510518650042246,6,0.0
5,Node2Vec only,GraphSAGE,0.9478358640698816,0.9553489431654701,0.9451433724184948,10,0.0
5,Biomni + ESM,GCN,0.9448187534513889,0.947964427716969,0.9476531515440965,60,0.0
5,Biomni + ESM,GAT,0.9109614042157599,0.9163001788237629,0.8804939076743084,55,0.0
5,Biomni + ESM,GraphSAGE,0.9358414772639703,0.9421856421472233,0.9312141876287572,13,0.0
5,Biomni + Node2Vec,GCN,0.9606117825199301,0.9660167185369608,0.9655470789201762,27,0.0
5,Biomni + Node2Vec,GAT,0.9489109869665785,0.9531411820562741,0.9450899681920617,38,0.0
5,Biomni + Node2Vec,GraphSAGE,0.9445689565406005,0.947638883511186,0.9346450801653996,6,0.0
5,ESM + Node2Vec,GCN,0.959075033428428,0.9635341620300425,0.9630429850296343,42,0.0
5,ESM + Node2Vec,GAT,0.9455299885984345,0.9515228589547775,0.9373325316711117,25,0.0
5,ESM + Node2Vec,GraphSAGE,0.9526479788253417,0.9533250055165834,0.9576039990438558,31,0.0
5,Biomni + ESM + Node2Vec,GCN,0.9578160870714216,0.9633601124142486,0.9628560013062326,54,0.0
5,Biomni + ESM + Node2Vec,GAT,0.9446247802294674,0.9486922032162716,0.9456073071702515,60,0.0
5,Biomni + ESM + Node2Vec,GraphSAGE,0.9610211562382878,0.9600764765741622,0.9620416235283072,57,0.0
5,Topology heuristic,Common neighbors,,0.9564001953265235,0.9555366923504567,0,
5,Topology heuristic,Adamic-Adar,,0.9576038818703079,0.9583851834428367,0,
5,Topology heuristic,Resource allocation,,0.9583085384681603,0.9593612501072384,0,
5,Topology heuristic,Preferential attachment,,0.955922404696558,0.9506914618598329,0,
6,Biomni only,GCN,0.9253156105965015,0.9335656751602629,0.9204132543871942,59,0.0
6,Biomni only,GAT,0.8718746722472813,0.889249184541838,0.8198578120841188,60,0.0
6,Biomni only,GraphSAGE,0.9285492494627205,0.9360820642058885,0.9168842454984155,55,0.0
6,ESM only,GCN,0.9350806210601539,0.9377680523847993,0.9307481833141218,60,0.0
6,ESM only,GAT,0.9078766285198526,0.9156938245467096,0.8770855233669146,60,0.0
6,ESM only,GraphSAGE,0.9460600317048479,0.9519886202376473,0.9469781737093937,56,0.0
6,Node2Vec only,GCN,0.9681549349832586,0.9708784543491917,0.9683522138697057,13,0.0
6,Node2Vec only,GAT,0.9554951749161048,0.956284224902177,0.9455800578871841,8,0.0
6,Node2Vec only,GraphSAGE,0.9534765001065725,0.9603809694225275,0.9504778945131171,10,0.0
6,Biomni + ESM,GCN,0.9413742250938948,0.943759794989852,0.93602942090682,56,0.0
6,Biomni + ESM,GAT,0.9123504178882407,0.9237982212354816,0.8995362046444648,51,0.0
6,Biomni + ESM,GraphSAGE,0.9450262596887933,0.9518623120931403,0.947114428511591,60,0.0
6,Biomni + Node2Vec,GCN,0.9654690073270001,0.9709434880069288,0.9714501780014769,54,0.0
6,Biomni + Node2Vec,GAT,0.9478674411060083,0.9571176331056654,0.9458855952120437,24,0.0
6,Biomni + Node2Vec,GraphSAGE,0.9552891723470872,0.9620304936430538,0.9621958046697012,26,0.0
6,ESM + Node2Vec,GCN,0.9588141469632854,0.9644502719948154,0.961092542648124,41,0.0
6,ESM + Node2Vec,GAT,0.945579609655205,0.954763264328738,0.9464843139189519,36,0.0
6,ESM + Node2Vec,GraphSAGE,0.9520145585173228,0.9594855348980758,0.9624779994816631,37,0.0
6,Biomni + ESM + Node2Vec,GCN,0.9558154562825333,0.9634426262169847,0.9595041931692879,36,0.0
6,Biomni + ESM + Node2Vec,GAT,0.9446229006439836,0.9551369259229047,0.9486152492328284,47,0.0
6,Biomni + ESM + Node2Vec,GraphSAGE,0.9568736629098765,0.9618981708249988,0.963029120105953,42,0.0
6,Topology heuristic,Common neighbors,,0.9528925128967758,0.9510797693055395,0,
6,Topology heuristic,Adamic-Adar,,0.9541565341345881,0.954259945859044,0,
6,Topology heuristic,Resource allocation,,0.9545106480397239,0.9550364336907329,0,
6,Topology heuristic,Preferential attachment,,0.952881423342422,0.94401120749197,0,
7,Biomni only,GCN,0.9329969125928843,0.9352411376604649,0.9242984081487693,60,0.0
7,Biomni only,GAT,0.8903175409307934,0.8953879107317188,0.8271958790963029,60,0.0
7,Biomni only,GraphSAGE,0.9372207170919356,0.9377315884264149,0.9200803332433396,59,0.0
7,ESM only,GCN,0.9371038068748472,0.9434451523798748,0.9366344485729681,60,0.0
7,ESM only,GAT,0.9199555966725321,0.9245607690662332,0.8997289414972943,60,0.0
7,ESM only,GraphSAGE,0.9472569517408909,0.9477210213968251,0.9362319523989301,20,0.0
7,Node2Vec only,GCN,0.969104125652545,0.9681477925584203,0.9635101794538873,6,0.0
7,Node2Vec only,GAT,0.954720409779709,0.9540881172229801,0.9365058368377254,5,0.0
7,Node2Vec only,GraphSAGE,0.954424187107472,0.9542929920407073,0.9428164254538234,11,0.0
7,Biomni + ESM,GCN,0.9299493526895554,0.9358512511084855,0.9272370936324773,20,0.0
7,Biomni + ESM,GAT,0.9129505695331974,0.9207664498502157,0.8905143241065755,54,0.0
7,Biomni + ESM,GraphSAGE,0.9512924217744715,0.9492737469649394,0.9442799466604059,50,0.0
7,Biomni + Node2Vec,GCN,0.9666232607725623,0.9667700563988421,0.9645399658903533,27,0.0
7,Biomni + Node2Vec,GAT,0.9502319596445479,0.952571667654702,0.9485435235234938,57,0.0
7,Biomni + Node2Vec,GraphSAGE,0.9566966059573085,0.9566176633669917,0.947348293556155,8,0.0
7,ESM + Node2Vec,GCN,0.9657351566314971,0.9648032581486609,0.9618579939362785,44,0.0
7,ESM + Node2Vec,GAT,0.953126521289501,0.955331275061923,0.9428002891123204,42,0.0
7,ESM + Node2Vec,GraphSAGE,0.9533926705939978,0.9548125094684118,0.950805215330898,23,0.0
7,Biomni + ESM + Node2Vec,GCN,0.9660328829721206,0.9662386975825898,0.9630662348158,51,0.0
7,Biomni + ESM + Node2Vec,GAT,0.950752228906446,0.9534471785730262,0.9441087680439026,47,0.0
7,Biomni + ESM + Node2Vec,GraphSAGE,0.954329080081995,0.9529280370624184,0.9488037028152947,22,0.0
7,Topology heuristic,Common neighbors,,0.9549194578824365,0.9531869933881597,0,
7,Topology heuristic,Adamic-Adar,,0.9561705099804111,0.9562050288294905,0,
7,Topology heuristic,Resource allocation,,0.9566866441542449,0.9571918129350817,0,
7,Topology heuristic,Preferential attachment,,0.9571884934784023,0.948568153468961,0,
8,Biomni only,GCN,0.9348452969575902,0.9435244708872884,0.9367719013026267,60,0.0
8,Biomni only,GAT,0.9128473802901402,0.9088188647228496,0.8468581361662953,60,0.0
8,Biomni only,GraphSAGE,0.9245508072631694,0.9311692036684998,0.8996970120206721,23,0.0
8,ESM only,GCN,0.935755392248815,0.9427991388491148,0.9381621240706347,60,0.0
8,ESM only,GAT,0.8982114240453868,0.8993429345065956,0.8648037876685721,60,0.0
8,ESM only,GraphSAGE,0.9417012729680647,0.9494087012026716,0.9356440865965584,21,0.0
8,Node2Vec only,GCN,0.9683321798943749,0.9743782425199076,0.9733923342065506,15,0.0
8,Node2Vec only,GAT,0.9554681088851388,0.956569921895705,0.9371236548717402,4,0.0
8,Node2Vec only,GraphSAGE,0.9524652831163226,0.9532419278382023,0.9443129643880603,11,0.0
8,Biomni + ESM,GCN,0.9432124596969884,0.9525047544114811,0.94881167565239,60,0.0
8,Biomni + ESM,GAT,0.916190035114416,0.9183229887213592,0.8821114249359314,60,0.0
8,Biomni + ESM,GraphSAGE,0.9398581514427133,0.9480272058721256,0.9338655974098473,22,0.0
8,Biomni + Node2Vec,GCN,0.9629548737839552,0.9712615138707771,0.9714901938922843,31,0.0
8,Biomni + Node2Vec,GAT,0.9505507373425893,0.9548771672090522,0.9512174019014589,21,0.0
8,Biomni + Node2Vec,GraphSAGE,0.9555711101696476,0.9549662595609815,0.9427203968560097,9,0.0
8,ESM + Node2Vec,GCN,0.9631740334513587,0.9684648786295266,0.9653913513578269,45,0.0
8,ESM + Node2Vec,GAT,0.9466090586246473,0.9471682353060586,0.9353094645036416,23,0.0
8,ESM + Node2Vec,GraphSAGE,0.952109289625703,0.9578873233612553,0.9489621171268181,15,0.0
8,Biomni + ESM + Node2Vec,GCN,0.9626203075678502,0.9691404016523812,0.9661626491934614,38,0.0
8,Biomni + ESM + Node2Vec,GAT,0.9511390475989986,0.955047457653879,0.9478107650847521,59,0.0
8,Biomni + ESM + Node2Vec,GraphSAGE,0.9488970780339987,0.9552848493004745,0.9541847829427137,27,0.0
8,Topology heuristic,Common neighbors,,0.9613267768379432,0.9597704623172689,0,
8,Topology heuristic,Adamic-Adar,,0.9623004021185183,0.9621541608207114,0,
8,Topology heuristic,Resource allocation,,0.9630546797731414,0.9634618067275109,0,
8,Topology heuristic,Preferential attachment,,0.9626421107594615,0.9552976229603344,0,
9,Biomni only,GCN,0.9332600545606073,0.9324450662948597,0.9154228655724349,60,0.0
9,Biomni only,GAT,0.8936663983871652,0.8966799377932388,0.8068226449007974,60,0.0
9,Biomni only,GraphSAGE,0.9291445141854197,0.9326837736512941,0.9060323383506224,54,0.0
9,ESM only,GCN,0.9460077792284001,0.9433139573131099,0.9405197931522722,60,0.0
9,ESM only,GAT,0.9169131116500091,0.9122351992980877,0.8792187419520479,60,0.0
9,ESM only,GraphSAGE,0.9475806163611902,0.9480975023692176,0.9416883579063663,27,0.0
9,Node2Vec only,GCN,0.974370348260876,0.9745312407782837,0.9710599856233585,10,0.0
9,Node2Vec only,GAT,0.9591983342361611,0.9571946961104985,0.9455888847584879,6,0.0
9,Node2Vec only,GraphSAGE,0.9636506963300342,0.9604189370492988,0.9508942185191616,10,0.0
9,Biomni + ESM,GCN,0.9483501186582316,0.9467596134218943,0.9426176964452884,57,0.0
9,Biomni + ESM,GAT,0.9214130272566208,0.9151370913264272,0.8734951388466197,58,0.0
9,Biomni + ESM,GraphSAGE,0.9449879161449252,0.9482685446482373,0.9411543054194853,15,0.0
9,Biomni + Node2Vec,GCN,0.9721016885820069,0.9663753434472575,0.963173280368644,30,0.0
9,Biomni + Node2Vec,GAT,0.9653652542082979,0.9583506411829961,0.9561494741408905,57,0.0
9,Biomni + Node2Vec,GraphSAGE,0.9650957216499302,0.9604554010076833,0.9605133862631559,24,0.0
9,ESM + Node2Vec,GCN,0.9716058539313972,0.9689462404719112,0.9662712959685702,60,0.0
9,ESM + Node2Vec,GAT,0.9578766097239979,0.9536637068207526,0.9484854609433008,60,0.0
9,ESM + Node2Vec,GraphSAGE,0.9645423716835184,0.9569676421840632,0.9622041919048858,49,0.0
9,Biomni + ESM + Node2Vec,GCN,0.9688778235603034,0.966576835011114,0.9632394677059736,33,0.0
9,Biomni + ESM + Node2Vec,GAT,0.9590972125371359,0.9559750330901025,0.947030887942035,38,0.0
9,Biomni + ESM + Node2Vec,GraphSAGE,0.9680041922274628,0.9622567957352957,0.9658951180583621,48,0.0
9,Topology heuristic,Common neighbors,,0.9607356472033084,0.9582681250963461,0,
9,Topology heuristic,Adamic-Adar,,0.9621271043369181,0.9616682024448916,0,
9,Topology heuristic,Resource allocation,,0.9628843893283151,0.9631981910080493,0,
9,Topology heuristic,Preferential attachment,,0.9598298749586961,0.9527572909653858,0,
