set,K,tier_pair,observed,expected,obs_over_exp,binom_p,binom_p_bh
isolated-connected,1000,Very Low–Very Low,294,317.30874394222246,0.9265423837596273,0.1180963020170821,0.13121811335231345
isolated-connected,1000,Very Low–Low,115,276.96630272859267,0.415212965862825,1.4758791871276053e-35,7.379395935638026e-35
isolated-connected,1000,Very Low–Medium,86,141.7748109596274,0.6065957656222152,1.0043626530437675e-07,1.6739377550729457e-07
isolated-connected,1000,Very Low–High,17,80.36695517716052,0.21152972589947303,3.0203587673124245e-18,6.040717534624849e-18
isolated-connected,1000,Low–Low,51,54.36442835322735,0.9381134235171696,0.7270190264676724,0.7270190264676724
isolated-connected,1000,Low–Medium,154,58.047179951349214,2.653014326089075,8.667413384501808e-28,2.8891377948339362e-27
isolated-connected,1000,Low–High,51,33.495502630536855,1.5225924674886,0.0035895832343497323,0.005127976049071046
isolated-connected,1000,Medium–Medium,157,15.233354075917859,10.306331699346405,2.6742324001876152e-104,2.674232400187615e-103
isolated-connected,1000,Medium–High,74,17.45658199920801,4.239088729016787,1.611938883735058e-24,4.029847209337645e-24
isolated-connected,1000,High–High,1,4.986140182157606,0.20055593374177444,0.07152805701764027,0.08941007127205033
isolated-isolated,1000,Very Low–Very Low,278,397.1405994450264,0.7000039794180795,3.853700778553935e-15,5.505286826505622e-15
isolated-isolated,1000,Very Low–Low,73,236.98476579010236,0.30803667803970225,9.971590756778954e-43,3.323863585592985e-42
isolated-isolated,1000,Very Low–Medium,61,142.9553264604811,0.42670673076923077,3.2705381181223434e-16,5.450896863537239e-16
isolated-isolated,1000,Very Low–High,27,86.38476946542441,0.31255509700476514,2.2130863798315534e-14,2.7663579747894416e-14
isolated-isolated,1000,Low–Low,30,35.20590991785655,0.8521296586282493,0.43917795873613735,0.43917795873613735
isolated-isolated,1000,Low–Medium,137,42.61168384879725,3.2150806451612906,1.3239041127020977e-32,3.309760281755244e-32
isolated-isolated,1000,Low–High,51,25.749306282963044,1.9806358835284044,8.076205551903734e-06,8.973561724337482e-06
isolated-isolated,1000,Medium–Medium,157,12.783505154639176,12.281451612903226,2.3751466836226844e-115,2.3751466836226843e-114
isolated-isolated,1000,Medium–High,153,15.532646048109966,9.850221238938053,8.143405667754683e-99,4.071702833877341e-98
isolated-isolated,1000,High–High,33,4.651487586599776,7.094504582806573,9.196969163786347e-18,1.8393938327572693e-17
isolated-connected,2000,Very Low–Very Low,485,634.6174878844449,0.7642398913663593,2.0710998382946634e-13,3.451833063824439e-13
isolated-connected,2000,Very Low–Low,197,553.9326054571853,0.3556389316303327,3.863026404673827e-86,1.9315132023369133e-85
isolated-connected,2000,Very Low–Medium,206,283.5496219192548,0.7265042309196298,2.7697878337805385e-07,3.9568397625436265e-07
isolated-connected,2000,Very Low–High,66,160.73391035432104,0.4106165267460359,3.102266783887292e-18,6.204533567774585e-18
isolated-connected,2000,Low–Low,80,108.7288567064547,0.7357752341311135,0.003593295690942802,0.003992550767714225
isolated-connected,2000,Low–Medium,306,116.09435990269843,2.63578696033525,8.83811813344205e-53,2.2095295333605126e-52
isolated-connected,2000,Low–High,97,66.99100526107371,1.4479555818273941,0.00038613533592611875,0.0004826691699076484
isolated-connected,2000,Medium–Medium,369,30.466708151835718,12.111580882352941,1.9289201095208183e-268,1.9289201095208183e-267
isolated-connected,2000,Medium–High,185,34.91316399841602,5.2988609112709835,1.674174605500771e-73,5.580582018335904e-73
isolated-connected,2000,High–High,9,9.972280364315212,0.902501701837985,1.0,1.0
isolated-isolated,2000,Very Low–Very Low,454,794.2811988900528,0.5715859831938994,1.5693812413398929e-58,3.923453103349732e-58
isolated-isolated,2000,Very Low–Low,113,473.9695315802047,0.23841194944168734,1.6378010073060397e-105,5.459336691020132e-105
isolated-isolated,2000,Very Low–Medium,171,285.9106529209622,0.5980889423076923,6.376054679112877e-15,9.108649541589825e-15
isolated-isolated,2000,Very Low–High,94,172.76953893084882,0.544077391082369,1.3981721401111277e-11,1.553524600123475e-11
isolated-isolated,2000,Low–Low,45,70.4118198357131,0.639097243971187,0.0012761729404101067,0.0012761729404101067
isolated-isolated,2000,Low–Medium,219,85.2233676975945,2.569717741935484,9.368765890927185e-36,1.5614609818211977e-35
isolated-isolated,2000,Low–High,110,51.49861256592609,2.135979874393377,6.41997815389187e-13,8.024972692364838e-13
isolated-isolated,2000,Medium–Medium,380,25.567010309278352,14.86290322580645,1.5284183479247976e-308,1.5284183479247975e-307
isolated-isolated,2000,Medium–High,341,31.06529209621993,10.976880530973451,1.0253289580592942e-233,5.126644790296471e-233
isolated-isolated,2000,High–High,73,9.302975173199552,7.846952038558785,4.323009164904372e-40,8.646018329808744e-40
isolated-connected,5000,Very Low–Very Low,1002,1586.5437197111123,0.631561543215746,2.0483035118987448e-76,4.0966070237974896e-76
isolated-connected,5000,Very Low–Low,404,1384.8315136429635,0.29173224036275003,4.404931833267017e-265,2.2024659166335083e-264
isolated-connected,5000,Very Low–Medium,731,708.8740547981369,1.031212801557766,0.3723914053867676,0.3723914053867676
isolated-connected,5000,Very Low–High,242,401.8347758858026,0.6022375725608526,5.631007115555715e-19,9.385011859259524e-19
isolated-connected,5000,Low–Low,148,271.8221417661368,0.5444736732570239,6.059757807218192e-17,8.656796867454559e-17
isolated-connected,5000,Low–Medium,709,290.23589975674605,2.4428404638924084,1.2938043105518517e-103,3.234510776379629e-103
isolated-connected,5000,Low–High,235,167.47751315268428,1.4031734504306705,4.6350316609244537e-07,5.150035178804949e-07
isolated-connected,5000,Medium–Medium,919,76.1667703795893,12.06562908496732,0.0,0.0
isolated-connected,5000,Medium–High,540,87.28290999604005,6.186778145051527,1.5809622397802779e-242,5.269874132600926e-242
isolated-connected,5000,High–High,70,24.93070091078803,2.8077830723848423,9.202859112764954e-14,1.1503573890956193e-13
isolated-isolated,5000,Very Low–Very Low,720,1985.7029972251319,0.36259198933886133,0.0,0.0
isolated-isolated,5000,Very Low–Low,297,1184.9238289505117,0.25064902295285363,6.390185038520572e-251,1.597546259630143e-250
isolated-isolated,5000,Very Low–Medium,652,714.7766323024055,0.9121730769230769,0.01090314152073808,0.01090314152073808
isolated-isolated,5000,Very Low–High,308,431.923847327122,0.7130886657590197,7.724408403345709e-11,9.655510504182136e-11
isolated-isolated,5000,Low–Low,102,176.02954958928277,0.5794481678672095,1.1716645066987785e-09,1.3018494518875317e-09
isolated-isolated,5000,Low–Medium,585,213.05841924398626,2.745725806451613,7.844884966008596e-104,1.3074808276680995e-103
isolated-isolated,5000,Low–High,273,128.74653141481522,2.1204454753068798,2.1373402918314652e-29,3.0533432740449504e-29
isolated-isolated,5000,Medium–Medium,972,63.91752577319588,15.207096774193548,0.0,0.0
isolated-isolated,5000,Medium–High,894,77.66323024054984,11.511238938053095,0.0,0.0
isolated-isolated,5000,High–High,197,23.25743793299888,8.470408501896333,6.918417288296601e-111,1.3836834576593202e-110
isolated-connected (capped),1000,Very Low–Very Low,220,317.30874394222246,0.6933310354663877,1.1285208461778896e-11,2.257041692355779e-11
isolated-connected (capped),1000,Very Low–Low,105,276.96630272859267,0.37910749057040544,2.083839214739059e-40,1.0419196073695294e-39
isolated-connected (capped),1000,Very Low–Medium,146,141.7748109596274,1.0298021137307374,0.6834533720202209,0.6834533720202209
isolated-connected (capped),1000,Very Low–High,58,80.36695517716052,0.7216896530687903,0.008719420201884032,0.009688244668760036
isolated-connected (capped),1000,Low–Low,30,54.36442835322735,0.5518314255983351,0.00035191974521280815,0.0005027424931611545
isolated-connected (capped),1000,Low–Medium,154,58.047179951349214,2.653014326089075,8.667413384501808e-28,2.166853346125452e-27
isolated-connected (capped),1000,Low–High,56,33.495502630536855,1.6718662388110117,0.0002796537041498555,0.0004660895069164258
isolated-connected (capped),1000,Medium–Medium,128,15.233354075917859,8.402614379084968,2.269420398178063e-74,2.269420398178063e-73
isolated-connected (capped),1000,Medium–High,89,17.45658199920801,5.0983634713850545,4.805736518541731e-35,1.6019121728472436e-34
isolated-connected (capped),1000,High–High,14,4.986140182157606,2.8077830723848423,0.0006543685642966633,0.0008179607053708292
isolated-isolated (capped),1000,Very Low–Very Low,259,397.1405994450264,0.6521619808247575,5.917759769777048e-20,1.479439942444262e-19
isolated-isolated (capped),1000,Very Low–Low,112,236.98476579010236,0.4726042183622829,1.0848499834583602e-23,3.6161666115278676e-23
isolated-isolated (capped),1000,Very Low–Medium,148,142.9553264604811,1.0352884615384614,0.6513963518759001,0.6513963518759001
isolated-isolated (capped),1000,Very Low–High,75,86.38476946542441,0.8682086027910143,0.2154968335492377,0.2394409261658197
isolated-isolated (capped),1000,Low–Low,20,35.20590991785655,0.5680864390854995,0.007523265633134197,0.009404082041417747
isolated-isolated (capped),1000,Low–Medium,81,42.61168384879725,1.9008870967741935,6.943158163792218e-08,9.918797376846026e-08
isolated-isolated (capped),1000,Low–High,76,25.749306282963044,2.9515358264344846,2.3377656075872686e-16,4.675531215174537e-16
isolated-isolated (capped),1000,Medium–Medium,133,12.783505154639176,10.404032258064516,1.632445065093698e-88,1.6324450650936983e-87
isolated-isolated (capped),1000,Medium–High,72,15.532646048109966,4.635398230088495,4.293653580453466e-26,2.146826790226733e-25
isolated-isolated (capped),1000,High–High,24,4.651487586599776,5.1596396965865985,1.656191917780572e-10,2.76031986296762e-10
isolated-connected (capped),2000,Very Low–Very Low,452,634.6174878844449,0.7122400637063802,1.9196664318024456e-19,3.839332863604891e-19
isolated-connected (capped),2000,Very Low–Low,306,553.9326054571853,0.5524137719740193,2.3227564648457297e-39,7.742521549485765e-39
isolated-connected (capped),2000,Very Low–Medium,279,283.5496219192548,0.9839547593523141,0.7976391470868412,0.7976391470868412
isolated-connected (capped),2000,Very Low–High,127,160.73391035432104,0.7901257408597964,0.005113039520155845,0.006391299400194807
isolated-connected (capped),2000,Low–Low,88,108.7288567064547,0.8093527575442249,0.042963777159646596,0.04773753017738511
isolated-connected (capped),2000,Low–Medium,257,116.09435990269843,2.2137164993665333,8.116802814200609e-32,2.029200703550152e-31
isolated-connected (capped),2000,Low–High,125,66.99100526107371,1.865922141530147,9.629358346399656e-11,1.604893057733276e-10
isolated-connected (capped),2000,Medium–Medium,196,30.466708151835718,6.433251633986928,7.440693280299887e-92,7.440693280299887e-91
isolated-connected (capped),2000,Medium–High,139,34.91316399841602,3.9813063063063066,1.7512390439017103e-41,8.756195219508552e-41
isolated-connected (capped),2000,High–High,31,9.972280364315212,3.108616972997504,6.749717912240768e-08,9.642454160343954e-08
isolated-isolated (capped),2000,Very Low–Very Low,662,794.2811988900528,0.8334579754941881,1.1474771255350934e-09,2.2949542510701868e-09
isolated-isolated (capped),2000,Very Low–Low,363,473.9695315802047,0.7658720145781638,2.2379633545705557e-09,3.72993892428426e-09
isolated-isolated (capped),2000,Very Low–Medium,232,285.9106529209622,0.8114423076923076,0.00043896835079734156,0.0005487104384966769
isolated-isolated (capped),2000,Very Low–High,129,172.76953893084882,0.7466593984002723,0.0003356541167217001,0.00047950588103100013
isolated-isolated (capped),2000,Low–Low,86,70.4118198357131,1.221385844033824,0.06003357127065389,0.06003357127065388
isolated-isolated (capped),2000,Low–Medium,118,85.2233676975945,1.3845967741935485,0.0005768738369530829,0.0006409709299478698
isolated-isolated (capped),2000,Low–High,118,51.49861256592609,2.29132386525835,5.87983238615864e-16,1.9599441287195467e-15
isolated-isolated (capped),2000,Medium–Medium,155,25.567010309278352,6.0625,4.0928069041599743e-69,4.092806904159975e-68
isolated-isolated (capped),2000,Medium–High,101,31.06529209621993,3.251216814159292,7.407073849380778e-24,3.703536924690389e-23
isolated-isolated (capped),2000,High–High,36,9.302975173199552,3.869729772439949,2.0326757984300498e-11,5.0816894960751246e-11
