go_term,go_name,fg_count,fg_size,bg_count,bg_size,fold,p,p_bh
GO:0016020,membrane,9,105,9,147,1.4000000000000001,0.04367444530698965,0.72285579323841
GO:0055085,transmembrane transport,5,105,5,147,1.3999999999999997,0.18081925946829114,0.72285579323841
GO:0004519,endonuclease activity,5,105,5,147,1.3999999999999997,0.18081925946829114,0.72285579323841
GO:0005524,ATP binding,5,105,5,147,1.3999999999999997,0.18081925946829114,0.72285579323841
GO:0003824,catalytic activity,5,105,5,147,1.3999999999999997,0.18081925946829114,0.72285579323841
GO:0009307,DNA restriction-modification system,4,105,4,147,1.4000000000000001,0.25601142677193695,0.72285579323841
GO:0022857,transmembrane transporter activity,4,105,4,147,1.4000000000000001,0.25601142677193695,0.72285579323841
GO:0016491,oxidoreductase activity,4,105,4,147,1.4000000000000001,0.25601142677193695,0.72285579323841
GO:0030170,pyridoxal phosphate binding,4,105,4,147,1.4000000000000001,0.25601142677193695,0.72285579323841
GO:0008170,N-methyltransferase activity,3,105,3,147,1.4000000000000001,0.36142789661920505,0.72285579323841
GO:0006355,regulation of DNA-templated transcription,3,105,3,147,1.4000000000000001,0.36142789661920505,0.72285579323841
GO:0009058,biosynthetic process,3,105,3,147,1.4000000000000001,0.36142789661920505,0.72285579323841
GO:0009007,site-specific DNA-methyltransferase (adenine-specific) activity,3,105,3,147,1.4000000000000001,0.36142789661920505,0.72285579323841
GO:0006310,DNA recombination,16,105,22,147,1.0181818181818183,0.553775869611948,0.9843881644299626
GO:0003899,DNA-directed RNA polymerase activity,3,105,4,147,1.05,0.6776773061610095,0.9843881644299626
GO:0006260,DNA replication,3,105,4,147,1.05,0.6776773061610095,0.9843881644299626
GO:0008270,zinc ion binding,3,105,4,147,1.05,0.6776773061610095,0.9843881644299626
GO:0016887,ATP hydrolysis activity,5,105,7,147,1.0,0.6814994984515126,0.9843881644299626
GO:0045892,negative regulation of DNA-templated transcription,2,105,3,147,0.9333333333333335,0.8035629934543491,0.9992987048346454
GO:0033104,type VI protein secretion system complex,3,105,6,147,0.7000000000000001,0.9441620018273135,0.9992987048346454
GO:0003677,DNA binding,43,105,66,147,0.9121212121212121,0.9556786471624223,0.9992987048346454
GO:0008745,N-acetylmuramoyl-L-alanine amidase activity,1,105,3,147,0.46666666666666673,0.9778662527835886,0.9992987048346454
GO:0009253,peptidoglycan catabolic process,1,105,3,147,0.46666666666666673,0.9778662527835886,0.9992987048346454
GO:0015074,DNA integration,20,105,38,147,0.7368421052631579,0.9990563815004685,0.9992987048346454
GO:0004803,transposase activity,14,105,29,147,0.6758620689655173,0.9992987048346454,0.9992987048346454
GO:0006313,DNA transposition,14,105,29,147,0.6758620689655173,0.9992987048346454,0.9992987048346454
