feature_set,model,n,auc_mean,auc_std,ap_mean,ap_std,val_auc_mean,val_auc_std,auc_ci95,ap_ci95
Node2Vec only,GCN,5,0.969998733159384,0.004366235638637689,0.968169841164228,0.005481196512376034,0.970036625602736,0.0017279045371285569,0.0038271742799602234,0.0048044805758853705
ESM + Node2Vec,GCN,5,0.9661147201240828,0.003446583994833394,0.9633655588859961,0.005021473489989068,0.9665047717036677,0.002045112737332198,0.003021064072223219,0.004401515579764837
Node2Vec only,GAT,5,0.9564714692080667,0.0028541497537263234,0.946107740805218,0.004668770495171235,0.9565631553879633,0.0017238675006095328,0.002501772563980166,0.004092357773830908
Node2Vec only,GraphSAGE,5,0.9556534360138352,0.003768807458765497,0.9440230012331557,0.004199181050119931,0.9555973491830005,0.0013756418532141635,0.0033035053913878913,0.00368074447693567
ESM + Node2Vec,GAT,5,0.95151447600352,0.005219058140731317,0.9363169580601512,0.00961572078159574,0.9519217069944264,0.003103060510595666,0.004574706162229964,0.008428550885559749
ESM + Node2Vec,GraphSAGE,5,0.9468087833781489,0.005433260636849303,0.9311701129043666,0.00861473374599173,0.9467001809288986,0.0029847774232288544,0.004762462928399785,0.0075511470635267735
ESM only,GraphSAGE,5,0.8924742900899607,0.010202205683651835,0.8345558792745585,0.01777006668275513,0.8998739174057508,0.00538141735485423,0.008942627568199446,0.015576150210399108
ESM only,GAT,5,0.8597898773796022,0.00872200694127762,0.8556119988874219,0.005077111883165935,0.859870098088048,0.005968840860288588,0.007645176165001334,0.004450284781651352
ESM only,GCN,5,0.809792677961973,0.0090937963089255,0.8170435833505545,0.009408154842478119,0.8151774648226178,0.008391254029245584,0.007971063914355285,0.00824661131808496
Biomni + ESM + Node2Vec,GraphSAGE,5,0.7017780502759043,0.03274992003824673,0.6276571665615622,0.025930143819958854,0.7041079092581238,0.033113063702896635,0.02870657060557526,0.02272877318512743
Biomni + ESM,GraphSAGE,5,0.6841201716738198,0.01264835635362041,0.6134227013217416,0.009686046735216265,0.6885959534028203,0.01209535183971812,0.01108677316725195,0.008490194301807922
Biomni + Node2Vec,GraphSAGE,5,0.6776210913549969,0.014964418282455228,0.6083831180238123,0.011107267469316492,0.6815450643776824,0.011424054361880107,0.01311689095713773,0.009735949201420183
Biomni only,GraphSAGE,5,0.6771919068056407,0.0192181827328724,0.6080967982804671,0.014150274154075899,0.6825873697118332,0.013734795123158507,0.01684547989392842,0.01240326216423864
Biomni + ESM,GAT,5,0.5,0.0,0.5,0.0,0.5,0.0,0.0,0.0
Biomni + ESM,GCN,5,0.5,0.0,0.5,0.0,0.5,0.0,0.0,0.0
Biomni + ESM + Node2Vec,GAT,5,0.5,0.0,0.5,0.0,0.5,0.0,0.0,0.0
Biomni + ESM + Node2Vec,GCN,5,0.5,0.0,0.5,0.0,0.5,0.0,0.0,0.0
Biomni + Node2Vec,GAT,5,0.5,0.0,0.5,0.0,0.5,0.0,0.0,0.0
Biomni + Node2Vec,GCN,5,0.5,0.0,0.5,0.0,0.5,0.0,0.0,0.0
Biomni only,GAT,5,0.5,0.0,0.5,0.0,0.5,0.0,0.0,0.0
Biomni only,GCN,5,0.5,0.0,0.5,0.0,0.5,0.0,0.0,0.0
