split_id,seed,feature_set,model,best_val_auc,test_auc,test_ap,best_epoch
1,42,Biomni only,GCN,0.5,0.5,0.5,1
1,42,Biomni only,GAT,0.5,0.5,0.5,1
1,42,Biomni only,GraphSAGE,0.6603310852237891,0.6508277130594727,0.5888767075502843,8
1,42,ESM only,GCN,0.8226590420654991,0.8160944018050035,0.8286992422595065,1
1,42,ESM only,GAT,0.8689530445713625,0.8647604411913414,0.8601475655574481,26
1,42,ESM only,GraphSAGE,0.9073168879627962,0.9070065683994315,0.8623944970863577,1
1,42,Node2Vec only,GCN,0.9712397106791656,0.974737619264398,0.9746603219505979,16
1,42,Node2Vec only,GAT,0.9568879477595528,0.9615489438421208,0.9529935092827991,11
1,42,Node2Vec only,GraphSAGE,0.9567575045269817,0.9592299112722876,0.9486859620697219,10
1,42,Biomni + ESM,GCN,0.5,0.5,0.5,1
1,42,Biomni + ESM,GAT,0.5,0.5,0.5,1
1,42,Biomni + ESM,GraphSAGE,0.6793378295524218,0.6695278969957081,0.6024992733254414,4
1,42,Biomni + Node2Vec,GCN,0.5,0.5,0.5,1
1,42,Biomni + Node2Vec,GAT,0.5,0.5,0.5,1
1,42,Biomni + Node2Vec,GraphSAGE,0.6719803801348865,0.6606376456161864,0.5959066239752935,6
1,42,ESM + Node2Vec,GCN,0.9676666186745841,0.9704615622888991,0.9697411173803946,19
1,42,ESM + Node2Vec,GAT,0.9560707039912247,0.9578232294962598,0.9472177724523692,9
1,42,ESM + Node2Vec,GraphSAGE,0.9455999091784293,0.9526342578513105,0.9393302998969331,16
1,42,Biomni + ESM + Node2Vec,GCN,0.5,0.5,0.5,1
1,42,Biomni + ESM + Node2Vec,GAT,0.5,0.5,0.5,1
1,42,Biomni + ESM + Node2Vec,GraphSAGE,0.740343347639485,0.733292458614347,0.6524830401681986,31
2,43,Biomni only,GCN,0.5,0.5,0.5,1
2,43,Biomni only,GAT,0.5,0.5,0.5,1
2,43,Biomni only,GraphSAGE,0.6919068056407112,0.6820968730839976,0.6115966019317964,8
2,43,ESM only,GCN,0.8027871245387026,0.8202189641905132,0.8243772918827947,1
2,43,ESM only,GAT,0.8570391040241548,0.8713876716484454,0.8539026718070153,27
2,43,ESM only,GraphSAGE,0.9036107213059661,0.8984379140961769,0.8407834020961494,1
2,43,Node2Vec only,GCN,0.9691665278906051,0.9717543411846126,0.9704943297763936,10
2,43,Node2Vec only,GAT,0.9569612515934185,0.9547970968674453,0.9459169423451437,7
2,43,Node2Vec only,GraphSAGE,0.9559000376293014,0.9538471543639652,0.9409509388907529,13
2,43,Biomni + ESM,GCN,0.5,0.5,0.5,1
2,43,Biomni + ESM,GAT,0.5,0.5,0.5,1
2,43,Biomni + ESM,GraphSAGE,0.6820968730839976,0.6765787860208461,0.6074220831436073,5
2,43,Biomni + Node2Vec,GCN,0.5,0.5,0.5,1
2,43,Biomni + Node2Vec,GAT,0.5,0.5,0.5,1
2,43,Biomni + Node2Vec,GraphSAGE,0.677498467198038,0.667381974248927,0.6007541980915871,8
2,43,ESM + Node2Vec,GCN,0.9654951335652241,0.9645247035799713,0.9604995482207457,14
2,43,ESM + Node2Vec,GAT,0.9495620753781444,0.9465242893193307,0.9286535852049028,7
2,43,ESM + Node2Vec,GraphSAGE,0.9479460077792284,0.9463133998280555,0.9297585334914007,14
2,43,Biomni + ESM + Node2Vec,GCN,0.5,0.5,0.5,1
2,43,Biomni + ESM + Node2Vec,GAT,0.5,0.5,0.5,1
2,43,Biomni + ESM + Node2Vec,GraphSAGE,0.740343347639485,0.740343347639485,0.658501450986007,24
3,44,Biomni only,GCN,0.5,0.5,0.5,1
3,44,Biomni only,GAT,0.5,0.5,0.5,1
3,44,Biomni only,GraphSAGE,0.690680564071122,0.6931330472103003,0.619947349843138,5
3,44,ESM only,GCN,0.810292497333808,0.7982281899479017,0.8064833094317725,1
3,44,ESM only,GAT,0.8554734093162031,0.8597056719499309,0.8618057644916379,25
3,44,ESM only,GraphSAGE,0.8974385384944745,0.8889991996725011,0.8284337141543272,1
3,44,Node2Vec only,GCN,0.9724424574302081,0.9709698022037013,0.968630811346381,13
3,44,Node2Vec only,GAT,0.9540738323733038,0.9556226108119019,0.9463146104862898,11
3,44,Node2Vec only,GraphSAGE,0.9567717893766581,0.9601351196412548,0.9481625627465147,11
3,44,Biomni + ESM,GCN,0.5,0.5,0.5,1
3,44,Biomni + ESM,GAT,0.5,0.5,0.5,1
3,44,Biomni + ESM,GraphSAGE,0.6781115879828326,0.6827099938687922,0.612026059262756,4
3,44,Biomni + Node2Vec,GCN,0.5,0.5,0.5,1
3,44,Biomni + Node2Vec,GAT,0.5,0.5,0.5,1
3,44,Biomni + Node2Vec,GraphSAGE,0.6707541385652973,0.67841814837523,0.6090408851796669,5
3,44,ESM + Node2Vec,GCN,0.9695431968215457,0.9677222544049027,0.9660346887555428,16
3,44,ESM + Node2Vec,GAT,0.953141182056274,0.9562154320734721,0.9443573055198334,6
3,44,ESM + Node2Vec,GraphSAGE,0.9503127818203484,0.9494868919587951,0.9384163857039063,13
3,44,Biomni + ESM + Node2Vec,GCN,0.5,0.5,0.5,1
3,44,Biomni + ESM + Node2Vec,GAT,0.5,0.5,0.5,1
3,44,Biomni + ESM + Node2Vec,GraphSAGE,0.67841814837523,0.6839362354383813,0.6130295187235855,5
4,45,Biomni only,GCN,0.5,0.5,0.5,1
4,45,Biomni only,GAT,0.5,0.5,0.5,1
4,45,Biomni only,GraphSAGE,0.6919068056407112,0.6955855303494789,0.6216793594249246,8
4,45,ESM only,GCN,0.8196641105557145,0.8114121664064694,0.8157762090205125,1
4,45,ESM only,GAT,0.8628757808267996,0.8536934418631051,0.8516368406614616,22
4,45,ESM only,GraphSAGE,0.8965773124258267,0.8864796153315532,0.8238562460200164,2
4,45,Node2Vec only,GCN,0.9683513516663089,0.9695755256918661,0.9673666107145489,13
4,45,Node2Vec only,GAT,0.9560560432244515,0.9551000860474234,0.939839111825294,11
4,45,Node2Vec only,GraphSAGE,0.9550771551045218,0.9532802713820705,0.9394553230369381,11
4,45,Biomni + ESM,GCN,0.5,0.5,0.5,1
4,45,Biomni + ESM,GAT,0.5,0.5,0.5,1
4,45,Biomni + ESM,GraphSAGE,0.7004904966278357,0.7026364193746168,0.6275917823053199,5
4,45,Biomni + Node2Vec,GCN,0.5,0.5,0.5,1
4,45,Biomni + Node2Vec,GAT,0.5,0.5,0.5,1
4,45,Biomni + Node2Vec,GraphSAGE,0.6937461679950949,0.6995708154506439,0.6248182787962986,5
4,45,ESM + Node2Vec,GCN,0.9650483560957401,0.966576835011114,0.963866953769547,17
4,45,ESM + Node2Vec,GAT,0.9482127209593705,0.949925211293602,0.9363372091275176,10
4,45,ESM + Node2Vec,GraphSAGE,0.9473469838855617,0.947530243470226,0.9304111234025061,13
4,45,Biomni + ESM + Node2Vec,GCN,0.5,0.5,0.5,1
4,45,Biomni + ESM + Node2Vec,GAT,0.5,0.5,0.5,1
4,45,Biomni + ESM + Node2Vec,GraphSAGE,0.6790312691600244,0.683629675045984,0.6128623261093955,4
5,46,Biomni only,GCN,0.5,0.5,0.5,1
5,46,Biomni only,GAT,0.5,0.5,0.5,1
5,46,Biomni only,GraphSAGE,0.6781115879828326,0.664316370324954,0.5983839726521925,8
5,46,ESM only,GCN,0.8204845496193651,0.8030096674599772,0.8098818641581863,1
5,46,ESM only,GAT,0.8550091517017203,0.8494021602451881,0.8505671519195462,24
5,46,ESM only,GraphSAGE,0.8944261268396911,0.881448152950141,0.817311537015942,2
5,46,Node2Vec only,GCN,0.9689830803473924,0.9629563774523422,0.959697132033219,12
5,46,Node2Vec only,GAT,0.9588367019890901,0.9552886084714421,0.9454745300865633,5
5,46,Node2Vec only,GraphSAGE,0.95348025927754,0.9517747234095982,0.9428602194218512,10
5,46,Biomni + ESM,GCN,0.5,0.5,0.5,1
5,46,Biomni + ESM,GAT,0.5,0.5,0.5,1
5,46,Biomni + ESM,GraphSAGE,0.7029429797670141,0.6891477621091355,0.6175743085715832,6
5,46,Biomni + Node2Vec,GCN,0.5,0.5,0.5,1
5,46,Biomni + Node2Vec,GAT,0.5,0.5,0.5,1
5,46,Biomni + Node2Vec,GraphSAGE,0.693746167995095,0.6820968730839976,0.6113956040762152,7
5,46,ESM + Node2Vec,GCN,0.964770553361244,0.9612882453355267,0.9566854863037506,20
5,46,ESM + Node2Vec,GAT,0.952621852587118,0.9470842178349356,0.9250189179961331,9
5,46,ESM + Node2Vec,GraphSAGE,0.9422952219809252,0.9380791237823575,0.9179342220270863,12
5,46,Biomni + ESM + Node2Vec,GCN,0.5,0.5,0.5,1
5,46,Biomni + ESM + Node2Vec,GAT,0.5,0.5,0.5,1
5,46,Biomni + ESM + Node2Vec,GraphSAGE,0.6824034334763949,0.6676885346413244,0.6014094968206247,7
