Feature Set,Model,AUC Mean,AUC Std,AP Mean,AP Std
Node2Vec only,GCN,0.969998733159384,0.004366235638637689,0.968169841164228,0.005481196512376034
ESM + Node2Vec,GCN,0.9661147201240828,0.003446583994833394,0.9633655588859961,0.005021473489989068
Node2Vec only,GAT,0.9564714692080667,0.0028541497537263234,0.946107740805218,0.004668770495171235
Node2Vec only,GraphSAGE,0.9556534360138352,0.003768807458765497,0.9440230012331557,0.004199181050119931
ESM + Node2Vec,GAT,0.95151447600352,0.005219058140731317,0.9363169580601512,0.00961572078159574
ESM + Node2Vec,GraphSAGE,0.9468087833781489,0.005433260636849303,0.9311701129043666,0.00861473374599173
ESM only,GraphSAGE,0.8924742900899607,0.010202205683651835,0.8345558792745585,0.01777006668275513
ESM only,GAT,0.8597898773796022,0.00872200694127762,0.8556119988874219,0.005077111883165935
ESM only,GCN,0.809792677961973,0.0090937963089255,0.8170435833505545,0.009408154842478119
Biomni + ESM + Node2Vec,GraphSAGE,0.7017780502759043,0.03274992003824673,0.6276571665615622,0.025930143819958854
Biomni + ESM,GraphSAGE,0.6841201716738198,0.01264835635362041,0.6134227013217416,0.009686046735216265
Biomni + Node2Vec,GraphSAGE,0.6776210913549969,0.014964418282455228,0.6083831180238123,0.011107267469316492
Biomni only,GraphSAGE,0.6771919068056407,0.0192181827328724,0.6080967982804671,0.014150274154075899
Biomni + ESM,GAT,0.5,0.0,0.5,0.0
Biomni + ESM,GCN,0.5,0.0,0.5,0.0
Biomni + ESM + Node2Vec,GAT,0.5,0.0,0.5,0.0
Biomni + ESM + Node2Vec,GCN,0.5,0.0,0.5,0.0
Biomni + Node2Vec,GAT,0.5,0.0,0.5,0.0
Biomni + Node2Vec,GCN,0.5,0.0,0.5,0.0
Biomni only,GAT,0.5,0.0,0.5,0.0
Biomni only,GCN,0.5,0.0,0.5,0.0
