seed,feature_set,model,train,val,test_C2,test_C3,best_val_auc,best_epoch,test_C2_auc,test_C2_ap,test_C3_auc,test_C3_ap
0,Biomni only,GCN,10896,2354,2531,127,0.8268209212396478,50.0,0.8147103923985801,0.8027944492304004,0.6389732779465559,0.6466508288627868
0,Biomni only,GAT,10896,2354,2531,127,0.7955197826653452,60.0,0.7969332001865137,0.744445592979217,0.6381672763345526,0.6348773645154226
0,Biomni only,GraphSAGE,10896,2354,2531,127,0.5043553733445268,6.0,0.5425594223879915,0.5313087783697719,0.58001116002232,0.5472059155011331
0,Biomni only,MLP (no graph),10896,2354,2531,127,0.7996459685749739,60.0,0.8069782191930297,0.7807258363142615,0.6916733833467668,0.7183150672923528
0,ESM only,GCN,10896,2354,2531,127,0.8483896244141282,60.0,0.8587448471821792,0.8454567818275465,0.706491412982826,0.6904919197578107
0,ESM only,GAT,10896,2354,2531,127,0.8269978647671419,60.0,0.8197105789435807,0.8127029518204141,0.7192634385268771,0.7416803164681715
0,ESM only,GraphSAGE,10896,2354,2531,127,0.8322793719037136,2.0,0.8266220321978232,0.759105191776389,0.6231012462024924,0.6495498849813511
0,ESM only,MLP (no graph),10896,2354,2531,127,0.8575586557417048,57.0,0.8742154377774076,0.863066093009237,0.7627255254510509,0.7536540173209114
0,Node2Vec only,GCN,10896,2354,2531,127,0.3697149738437584,1.0,0.37918518392478506,0.5199910490994327,0.5443920887841776,0.5365749298133249
0,Node2Vec only,GAT,10896,2354,2531,127,0.21754417181766933,1.0,0.22974812053960367,0.3543442339949285,0.48366296732593467,0.4834194177301886
0,Node2Vec only,GraphSAGE,10896,2354,2531,127,0.6848255901666681,1.0,0.6583136394367683,0.6392404599736756,0.5923801847603695,0.5670415873716672
0,Node2Vec only,MLP (no graph),10896,2354,2531,127,0.8080268297278119,9.0,0.8090280287376085,0.7500500956418941,0.5203980407960817,0.541509179372405
0,Biomni + ESM,GCN,10896,2354,2531,127,0.872131998969198,57.0,0.8580556453590649,0.8501705707360167,0.7138074276148553,0.7181132107583199
0,Biomni + ESM,GAT,10896,2354,2531,127,0.8279482707717806,58.0,0.8190220795911808,0.8046439188651581,0.6963233926467852,0.7147194031710207
0,Biomni + ESM,GraphSAGE,10896,2354,2531,127,0.842629259908657,1.0,0.8417236695633957,0.8051585869695334,0.6532953065906132,0.646858522327006
0,Biomni + ESM,MLP (no graph),10896,2354,2531,127,0.8692600277623581,60.0,0.8794119258609288,0.8704630898071958,0.7601835203670407,0.7559010085511066
0,Biomni + Node2Vec,GCN,10896,2354,2531,127,0.638519893108424,1.0,0.6744094289678005,0.6139551011165391,0.5832351664703329,0.5259731580091147
0,Biomni + Node2Vec,GAT,10896,2354,2531,127,0.7065597774968978,10.0,0.6981558270492124,0.6298144918860434,0.5845991691983383,0.5437282403678805
0,Biomni + Node2Vec,GraphSAGE,10896,2354,2531,127,0.42707788186055445,1.0,0.46817901326592526,0.5229672989697947,0.6208692417384835,0.5698502626833426
0,Biomni + Node2Vec,MLP (no graph),10896,2354,2531,127,0.7955880877394467,6.0,0.8035623382658745,0.7383629604765198,0.626263252526505,0.5866134555452797
0,ESM + Node2Vec,GCN,10896,2354,2531,127,0.7877421175764023,6.0,0.8169380050862002,0.7964067308016213,0.7014074028148056,0.6915642181102359
0,ESM + Node2Vec,GAT,10896,2354,2531,127,0.5662773066903241,7.0,0.5886804493502225,0.557871904491273,0.6130572261144522,0.6120093904667713
0,ESM + Node2Vec,GraphSAGE,10896,2354,2531,127,0.8183103977466725,1.0,0.8106846107867344,0.7688767186902712,0.5554591109182219,0.5827250565717985
0,ESM + Node2Vec,MLP (no graph),10896,2354,2531,127,0.8067870520287961,2.0,0.8089606696013292,0.7571987185453011,0.6310372620745242,0.6597150077046089
0,Biomni + ESM + Node2Vec,GCN,10896,2354,2531,127,0.7213430888980163,8.0,0.767327025562597,0.7527646212270007,0.6086552173104346,0.5703430043639595
0,Biomni + ESM + Node2Vec,GAT,10896,2354,2531,127,0.6641418753234791,7.0,0.6970025262407935,0.6472562203042631,0.6305412610825222,0.5762665117057857
0,Biomni + ESM + Node2Vec,GraphSAGE,10896,2354,2531,127,0.6736514394775537,1.0,0.6484329205251171,0.6902335176438918,0.5792671585343171,0.6111565132215067
0,Biomni + ESM + Node2Vec,MLP (no graph),10896,2354,2531,127,0.8282248296253093,2.0,0.8247117021162007,0.7742933538097818,0.6666253332506664,0.6719738783883885
0,Baseline (no training),Common neighbors,10896,2354,2531,127,,,0.5,0.5,0.5,0.5
0,Baseline (no training),Adamic-Adar,10896,2354,2531,127,,,0.5,0.5,0.5,0.5
0,Baseline (no training),Resource allocation,10896,2354,2531,127,,,0.5,0.5,0.5,0.5
0,Baseline (no training),Preferential attachment,10896,2354,2531,127,,,0.5,0.5,0.5,0.5
0,Baseline (no training),ESM cosine,10896,2354,2531,127,,,0.663810316672237,0.6545821802695968,0.6740033480066959,0.6918096424541869
0,Baseline (no training),Partner degree,10896,2354,2531,127,,,0.886998063210188,0.8552180930332071,0.5,0.5
1,Biomni only,GCN,10822,2621,2336,117,0.7735110175335218,16.0,0.804355626348752,0.7859197469677315,0.6151654613193075,0.6374383368224512
1,Biomni only,GAT,10822,2621,2336,117,0.7301988560974293,36.0,0.7859650431307468,0.7391150396777099,0.6266345240704216,0.6431114768560015
1,Biomni only,GraphSAGE,10822,2621,2336,117,0.5176004102688918,6.0,0.5657456180216738,0.562885660077729,0.6339396595806852,0.6487119986274146
1,Biomni only,MLP (no graph),10822,2621,2336,117,0.7583092042218801,55.0,0.8025967509734471,0.7720840080405427,0.6709036452626197,0.7118200695682377
1,ESM only,GCN,10822,2621,2336,117,0.7701588045139477,7.0,0.7926970754069713,0.7903363885713015,0.6022353714661408,0.604093364353465
1,ESM only,GAT,10822,2621,2336,117,0.7184616343124772,5.0,0.7296741590823794,0.6387769462181845,0.6742640075973411,0.6913843176291421
1,ESM only,GraphSAGE,10822,2621,2336,117,0.7609659660526656,2.0,0.7540161109905704,0.7249971806039562,0.5588428665351742,0.5679369365439606
1,ESM only,MLP (no graph),10822,2621,2336,117,0.7371916523731007,4.0,0.7538366133420904,0.7231461885283846,0.6115859449192783,0.6356895872114019
1,Node2Vec only,GCN,10822,2621,2336,117,0.3435231913865659,1.0,0.38478193463829985,0.5161382216732431,0.5046752867265687,0.5243382595048434
1,Node2Vec only,GAT,10822,2621,2336,117,0.2591585935858948,6.0,0.2603401274277538,0.37979756609405485,0.46000438308130615,0.5002501758722778
1,Node2Vec only,GraphSAGE,10822,2621,2336,117,0.7556298793488626,1.0,0.773180302501642,0.6788187953734436,0.5890130761925634,0.5797977415294143
1,Node2Vec only,MLP (no graph),10822,2621,2336,117,0.7943105760548477,9.0,0.8284171990816758,0.7673880278691867,0.5092775220980349,0.5100635615222803
1,Biomni + ESM,GCN,10822,2621,2336,117,0.8070283439847875,21.0,0.8364404415990336,0.829562647959051,0.6102710205274308,0.6025977350962599
1,Biomni + ESM,GAT,10822,2621,2336,117,0.8121761384619661,60.0,0.8409476742822293,0.819175348964697,0.7025348820220615,0.745680140618847
1,Biomni + ESM,GraphSAGE,10822,2621,2336,117,0.6175177858639193,1.0,0.5901533582461531,0.5757055090950012,0.6118050989845862,0.6083787157230971
1,Biomni + ESM,MLP (no graph),10822,2621,2336,117,0.8494111264329534,58.0,0.8754425592864514,0.8620630959160812,0.7595149390021185,0.7861056050249509
1,Biomni + Node2Vec,GCN,10822,2621,2336,117,0.6643894491720893,1.0,0.6601133684790768,0.5886639241501823,0.5572357367229163,0.5293425403879675
1,Biomni + Node2Vec,GAT,10822,2621,2336,117,0.6519744627120981,13.0,0.6999177737673579,0.6149739911865584,0.6013587552049091,0.5804672689913484
1,Biomni + Node2Vec,GraphSAGE,10822,2621,2336,117,0.6704584708283882,1.0,0.7292925318715989,0.703814761701839,0.6004821389436774,0.6031761682511856
1,Biomni + Node2Vec,MLP (no graph),10822,2621,2336,117,0.7580415046434014,4.0,0.8141515799458153,0.7411634903200119,0.6594345825115057,0.6562391794455895
1,ESM + Node2Vec,GCN,10822,2621,2336,117,0.6549516925265819,6.0,0.6897766605777349,0.7161189229314422,0.5772518080210389,0.5958499322697814
1,ESM + Node2Vec,GAT,10822,2621,2336,117,0.5019474088966221,7.0,0.5370883923754457,0.5690411705969274,0.585652713857842,0.5922755783324236
1,ESM + Node2Vec,GraphSAGE,10822,2621,2336,117,0.8090978116614828,2.0,0.8446081801815537,0.8038451679185122,0.6318211702827087,0.6795312059791379
1,ESM + Node2Vec,MLP (no graph),10822,2621,2336,117,0.7845151587979634,2.0,0.8056940245883374,0.7304683388840952,0.6052304770253488,0.6157304235279394
1,Biomni + ESM + Node2Vec,GCN,10822,2621,2336,117,0.7407103224171394,8.0,0.7610335619370425,0.7631493818561779,0.5879903572211265,0.5846829494206657
1,Biomni + ESM + Node2Vec,GAT,10822,2621,2336,117,0.6710341195413269,8.0,0.7115858539360104,0.667588194659491,0.588501716706845,0.5670603722925518
1,Biomni + ESM + Node2Vec,GraphSAGE,10822,2621,2336,117,0.7577858144261105,1.0,0.8005296417597111,0.7663381627702743,0.6193293885601577,0.6179891439508829
1,Biomni + ESM + Node2Vec,MLP (no graph),10822,2621,2336,117,0.7994304942572691,2.0,0.8351636168253893,0.777937023157782,0.6370078164949959,0.6906828858499499
1,Baseline (no training),Common neighbors,10822,2621,2336,117,,,0.5,0.5,0.5,0.5
1,Baseline (no training),Adamic-Adar,10822,2621,2336,117,,,0.5,0.5,0.5,0.5
1,Baseline (no training),Resource allocation,10822,2621,2336,117,,,0.5,0.5,0.5,0.5
1,Baseline (no training),Preferential attachment,10822,2621,2336,117,,,0.5,0.5,0.5,0.5
1,Baseline (no training),ESM cosine,10822,2621,2336,117,,,0.6602123258350535,0.6525329336938348,0.6033311417926802,0.6454208461553061
1,Baseline (no training),Partner degree,10822,2621,2336,117,,,0.889220721816945,0.8583061438194612,0.5,0.5
2,Biomni only,GCN,10990,2514,2271,103,0.8068248991012305,55.0,0.7864076389822007,0.7870465817847944,0.6704684701668394,0.6603566546313601
2,Biomni only,GAT,10990,2514,2271,103,0.7689675288551179,44.0,0.7691679846652633,0.733298759877174,0.6610425110755019,0.6469676779238932
2,Biomni only,GraphSAGE,10990,2514,2271,103,0.5954090664276868,1.0,0.5850149327932205,0.5743917373340315,0.5320953907060043,0.5313025459675099
2,Biomni only,MLP (no graph),10990,2514,2271,103,0.785149463719163,60.0,0.7905781181015934,0.769741192250226,0.6641530775756432,0.6653427611844729
2,ESM only,GCN,10990,2514,2271,103,0.8608180822240323,55.0,0.8449630349624939,0.8456436576823588,0.655763973984353,0.6555482130017231
2,ESM only,GAT,10990,2514,2271,103,0.8207193257930608,60.0,0.8227210936586575,0.8199439809185837,0.7048732208502215,0.7259582560539966
2,ESM only,GraphSAGE,10990,2514,2271,103,0.8178681483928664,2.0,0.8262900147573184,0.7745023161562642,0.6584975021208409,0.6811264863336913
2,ESM only,MLP (no graph),10990,2514,2271,103,0.8546058539956672,58.0,0.8526745143570232,0.8457544118823996,0.7188236403054011,0.7347694765953913
2,Node2Vec only,GCN,10990,2514,2271,103,0.29699395398497136,1.0,0.28094805156278085,0.4202648206280545,0.4777547365444434,0.4884800688081541
2,Node2Vec only,GAT,10990,2514,2271,103,0.26808962886594023,5.0,0.27448661070480496,0.3822133401894767,0.45112640211141486,0.47108592658640985
2,Node2Vec only,GraphSAGE,10990,2514,2271,103,0.656383599495965,1.0,0.6464355093931273,0.6135712878608324,0.48821755113582804,0.4970286609756917
2,Node2Vec only,MLP (no graph),10990,2514,2271,103,0.8064239621682618,8.0,0.817551572572522,0.7476984596994745,0.5114525402959751,0.49904051637917907
2,Biomni + ESM,GCN,10990,2514,2271,103,0.850627417250984,52.0,0.826257828252422,0.8345342720358113,0.6960128193043642,0.6831500636004326
2,Biomni + ESM,GAT,10990,2514,2271,103,0.8203084208147975,53.0,0.8203448182926377,0.8177132211584752,0.7063813743048355,0.7188707299605683
2,Biomni + ESM,GraphSAGE,10990,2514,2271,103,0.7056583371781507,2.0,0.7087472256105305,0.6578890109433022,0.5882741068903762,0.5714611185045122
2,Biomni + ESM,MLP (no graph),10990,2514,2271,103,0.8605546410269556,60.0,0.8611522652416188,0.8576073086430318,0.7370157413516826,0.7505933411756647
2,Biomni + Node2Vec,GCN,10990,2514,2271,103,0.6486450736654369,1.0,0.6711614345176222,0.5985567863805946,0.49137524743142613,0.47022341032847675
2,Biomni + Node2Vec,GAT,10990,2514,2271,103,0.6936741360552742,10.0,0.6792007896939587,0.6009362873442733,0.5794137053445187,0.5538602371681713
2,Biomni + Node2Vec,GraphSAGE,10990,2514,2271,103,0.49543645481880627,1.0,0.4522837003855206,0.48820454886407394,0.42888113865585814,0.4494924085953102
2,Biomni + Node2Vec,MLP (no graph),10990,2514,2271,103,0.7878772272252317,8.0,0.8014707293791631,0.7325293103937368,0.6244697898011123,0.6132924497092243
2,ESM + Node2Vec,GCN,10990,2514,2271,103,0.7037754841780223,7.0,0.6552135060779174,0.6899813979018015,0.5845979828447545,0.643419567472818
2,ESM + Node2Vec,GAT,10990,2514,2271,103,0.5809655270184659,7.0,0.5748561156589092,0.5812582573229336,0.6053350928456971,0.628855237844395
2,ESM + Node2Vec,GraphSAGE,10990,2514,2271,103,0.787826754106993,1.0,0.7973947738810778,0.7314244315199538,0.6253181261193326,0.6169848509924747
2,ESM + Node2Vec,MLP (no graph),10990,2514,2271,103,0.8262222405760833,2.0,0.8319764588678764,0.7876323660560829,0.6209821849373173,0.6871817821608158
2,Biomni + ESM + Node2Vec,GCN,10990,2514,2271,103,0.7749744628172923,6.0,0.7988934822521478,0.7905786062019522,0.6139127156188142,0.5770177161532524
2,Biomni + ESM + Node2Vec,GAT,10990,2514,2271,103,0.6404164522745813,6.0,0.665835149641072,0.611880992459126,0.6048637948911303,0.5609154984541531
2,Biomni + ESM + Node2Vec,GraphSAGE,10990,2514,2271,103,0.7799163981623355,1.0,0.8015707789967931,0.7211162359460475,0.6028843434819492,0.6108831851925252
2,Biomni + ESM + Node2Vec,MLP (no graph),10990,2514,2271,103,0.8145650071611703,5.0,0.8329372066495767,0.802191674747685,0.6708455085304929,0.7022195152595028
2,Baseline (no training),Common neighbors,10990,2514,2271,103,,,0.5,0.5,0.5,0.5
2,Baseline (no training),Adamic-Adar,10990,2514,2271,103,,,0.5,0.5,0.5,0.5
2,Baseline (no training),Resource allocation,10990,2514,2271,103,,,0.5,0.5,0.5,0.5
2,Baseline (no training),Preferential attachment,10990,2514,2271,103,,,0.5,0.5,0.5,0.5
2,Baseline (no training),ESM cosine,10990,2514,2271,103,,,0.6635682308338573,0.6642852342899802,0.6929022528042228,0.7067068310134805
2,Baseline (no training),Partner degree,10990,2514,2271,103,,,0.8880650307003026,0.8569228007228374,0.5,0.5
3,Biomni only,GCN,10273,2765,2570,150,0.7932653388225983,37.0,0.7630374418991961,0.76861010751073,0.5099111111111111,0.571783152531756
3,Biomni only,GAT,10273,2765,2570,150,0.7676548433826342,55.0,0.730718254629139,0.7000822556822945,0.5044444444444444,0.5486454907656722
3,Biomni only,GraphSAGE,10273,2765,2570,150,0.573839684247357,8.0,0.5645196747869006,0.5662457067990323,0.5193333333333334,0.5178458173725969
3,Biomni only,MLP (no graph),10273,2765,2570,150,0.7754145888446711,60.0,0.7578246453390665,0.7370644932856177,0.4772888888888889,0.5502879401668583
3,ESM only,GCN,10273,2765,2570,150,0.8378668384514517,46.0,0.8277639328377417,0.8349489563297303,0.6500888888888889,0.6831225849132141
3,ESM only,GAT,10273,2765,2570,150,0.8364596856207633,60.0,0.8198697936380566,0.8122129080448723,0.7570666666666667,0.7769173365328244
3,ESM only,GraphSAGE,10273,2765,2570,150,0.8261459930871884,2.0,0.8446989356386925,0.8120354083592808,0.6949333333333334,0.7066068142815898
3,ESM only,MLP (no graph),10273,2765,2570,150,0.8614981900467283,60.0,0.8536862783690896,0.8463485550530179,0.7779111111111112,0.7855042569942359
3,Node2Vec only,GCN,10273,2765,2570,150,0.33552694655814574,1.0,0.32678799073415193,0.47552024694799855,0.5109333333333334,0.507274216813373
3,Node2Vec only,GAT,10273,2765,2570,150,0.24069160816064927,7.0,0.2645787218580145,0.36881342561478836,0.5327777777777778,0.542693069826654
3,Node2Vec only,GraphSAGE,10273,2765,2570,150,0.25998083771242836,5.0,0.2721644536631895,0.3658664032665127,0.49202222222222225,0.5149263660612295
3,Node2Vec only,MLP (no graph),10273,2765,2570,150,0.8007566814580342,6.0,0.802238641008948,0.7190257500873289,0.5358444444444445,0.5172926769519999
3,Biomni + ESM,GCN,10273,2765,2570,150,0.8537479930283282,44.0,0.8216866265954065,0.8368143905733963,0.6354666666666667,0.6591299769647821
3,Biomni + ESM,GAT,10273,2765,2570,150,0.8415227805591072,60.0,0.8185590243607019,0.8058569334540664,0.6723555555555555,0.6916091691932247
3,Biomni + ESM,GraphSAGE,10273,2765,2570,150,0.6396399059543703,1.0,0.6568146376175263,0.6689218527380733,0.6427111111111111,0.6492195826339829
3,Biomni + ESM,MLP (no graph),10273,2765,2570,150,0.8638590100356758,60.0,0.8543173250162757,0.8474275680539678,0.7589333333333333,0.7683334244451276
3,Biomni + Node2Vec,GCN,10273,2765,2570,150,0.6166994431164551,1.0,0.61237891565353,0.5680721458242118,0.5294222222222222,0.4991854800265765
3,Biomni + Node2Vec,GAT,10273,2765,2570,150,0.6650708775739106,13.0,0.6752345228542446,0.6136448566826541,0.5391555555555555,0.5350577797615036
3,Biomni + Node2Vec,GraphSAGE,10273,2765,2570,150,0.7169306331729935,1.0,0.6744741025602204,0.6517589115536385,0.5013777777777778,0.4958384478757354
3,Biomni + Node2Vec,MLP (no graph),10273,2765,2570,150,0.7790360649948169,5.0,0.7893603990976398,0.7384764566983677,0.5188,0.5564406368851983
3,ESM + Node2Vec,GCN,10273,2765,2570,150,0.6336876285524624,6.0,0.5542245151327044,0.6242712431219228,0.6653333333333333,0.6671518152818972
3,ESM + Node2Vec,GAT,10273,2765,2570,150,0.5464247291610123,7.0,0.46359127314569487,0.5181179171243522,0.6302666666666668,0.6295886716133632
3,ESM + Node2Vec,GraphSAGE,10273,2765,2570,150,0.7782237278824365,1.0,0.7944014292419265,0.7587282724376523,0.6948444444444444,0.7274904866176307
3,ESM + Node2Vec,MLP (no graph),10273,2765,2570,150,0.8057295239839246,2.0,0.7954460324910294,0.720813830214508,0.5901333333333333,0.584656510128898
3,Biomni + ESM + Node2Vec,GCN,10273,2765,2570,150,0.7866732502967538,8.0,0.7588799224817938,0.7490922008406992,0.49871111111111116,0.5028465429103893
3,Biomni + ESM + Node2Vec,GAT,10273,2765,2570,150,0.6573819606355602,7.0,0.5852947054459569,0.5664177479455912,0.531511111111111,0.5310571730424266
3,Biomni + ESM + Node2Vec,GraphSAGE,10273,2765,2570,150,0.7932674316321625,1.0,0.7908295356477766,0.7403704804022527,0.629288888888889,0.6046865028843471
3,Biomni + ESM + Node2Vec,MLP (no graph),10273,2765,2570,150,0.8350824861269617,2.0,0.83023535556935,0.7748405166555448,0.6568444444444445,0.6386171727388296
3,Baseline (no training),Common neighbors,10273,2765,2570,150,,,0.5,0.5,0.5,0.5
3,Baseline (no training),Adamic-Adar,10273,2765,2570,150,,,0.5,0.5,0.5,0.5
3,Baseline (no training),Resource allocation,10273,2765,2570,150,,,0.5,0.5,0.5,0.5
3,Baseline (no training),Preferential attachment,10273,2765,2570,150,,,0.5,0.5,0.5,0.5
3,Baseline (no training),ESM cosine,10273,2765,2570,150,,,0.652948114278793,0.647819628395519,0.6304888888888889,0.6648311475673969
3,Baseline (no training),Partner degree,10273,2765,2570,150,,,0.8997194507108359,0.87553378266754,0.5,0.5
4,Biomni only,GCN,10059,3002,2458,169,0.794807181621313,13.0,0.7805657420581141,0.7614951111959777,0.5533769825986485,0.5379082380771103
4,Biomni only,GAT,10059,3002,2458,169,0.7714955519327333,40.0,0.7518108949637888,0.7097038470621869,0.535765554427366,0.5325852422887698
4,Biomni only,GraphSAGE,10059,3002,2458,169,0.6102623789336977,1.0,0.603853278612008,0.572851110648757,0.5205700080529394,0.5175667179432712
4,Biomni only,MLP (no graph),10059,3002,2458,169,0.7805072545462697,59.0,0.7645028835949236,0.7397299869120197,0.5403872413430902,0.5547711487446458
4,ESM only,GCN,10059,3002,2458,169,0.8404895292989218,59.0,0.8312931455118074,0.8259290843109113,0.6696894366443752,0.6900887126416996
4,ESM only,GAT,10059,3002,2458,169,0.8238751336550671,60.0,0.8244351318588412,0.8030713538272054,0.719022443191765,0.7310295102688738
4,ESM only,GraphSAGE,10059,3002,2458,169,0.8086015607627337,1.0,0.7983376212642532,0.7426341220859694,0.6314554812506565,0.6409398299182831
4,ESM only,MLP (no graph),10059,3002,2458,169,0.7445707414244378,3.0,0.7465955307092431,0.7495781481573889,0.6361822065053744,0.6899652430565328
4,Node2Vec only,GCN,10059,3002,2458,169,0.3813097508611847,1.0,0.3907679114907501,0.497943726104017,0.5192395224256854,0.5239251577734159
4,Node2Vec only,GAT,10059,3002,2458,169,0.2387131097589393,1.0,0.2428199777416,0.36121318484796927,0.5009628514407759,0.495815959796098
4,Node2Vec only,GraphSAGE,10059,3002,2458,169,0.6744680206533419,1.0,0.7001961678741506,0.6489598315331799,0.5347676902069255,0.5408032188210359
4,Node2Vec only,MLP (no graph),10059,3002,2458,169,0.814678233609306,8.0,0.7946283568838505,0.7248883749068821,0.5633731311928855,0.5359248082061561
4,Biomni + ESM,GCN,10059,3002,2458,169,0.8256804479891486,24.0,0.8236892404271337,0.8122126812374515,0.6078568677567313,0.5915851567055295
4,Biomni + ESM,GAT,10059,3002,2458,169,0.8127912504255436,59.0,0.8168076409472466,0.7978079423441404,0.6639123279997199,0.6714620268469986
4,Biomni + ESM,GraphSAGE,10059,3002,2458,169,0.7741424659820391,2.0,0.7792705905096591,0.7585708959420191,0.5665417877525296,0.5898800530540024
4,Biomni + ESM,MLP (no graph),10059,3002,2458,169,0.8607651527895461,60.0,0.8596926328138603,0.840940996305107,0.705437484681909,0.6881963007046454
4,Biomni + Node2Vec,GCN,10059,3002,2458,169,0.6812033705266887,1.0,0.6705820518643231,0.6089418675482721,0.5318791358845979,0.5365821156803549
4,Biomni + Node2Vec,GAT,10059,3002,2458,169,0.6941750136817517,1.0,0.6939633855278028,0.6002815241169078,0.565596442701586,0.5590995601127909
4,Biomni + Node2Vec,GraphSAGE,10059,3002,2458,169,0.5442511454721946,1.0,0.5100051905370683,0.5374515631615111,0.5218304681208641,0.5140329476873694
4,Biomni + Node2Vec,MLP (no graph),10059,3002,2458,169,0.8013967814483882,5.0,0.7838602269138616,0.7284686871661682,0.5159483211372151,0.5479935923212856
4,ESM + Node2Vec,GCN,10059,3002,2458,169,0.6610781575329971,6.0,0.6733912479865152,0.6960868107820938,0.6192360211477189,0.6321034357458304
4,ESM + Node2Vec,GAT,10059,3002,2458,169,0.5657369881327172,7.0,0.5616425103661777,0.5674327410155335,0.5301985224606982,0.5759257643319474
4,ESM + Node2Vec,GraphSAGE,10059,3002,2458,169,0.816088685712967,1.0,0.8116248003066654,0.7475863996015555,0.6383529988445783,0.6585992242953114
4,ESM + Node2Vec,MLP (no graph),10059,3002,2458,169,0.8048435730831899,2.0,0.8003416717369298,0.7258045356019827,0.6159798326389132,0.6655433534098913
4,Biomni + ESM + Node2Vec,GCN,10059,3002,2458,169,0.7716417458314488,6.0,0.7846576761356452,0.7781319933129258,0.6049157942649067,0.5772261105859616
4,Biomni + ESM + Node2Vec,GAT,10059,3002,2458,169,0.6512597531026396,7.0,0.6804233002149704,0.6381058205189005,0.5963376632470853,0.5832904106318518
4,Biomni + ESM + Node2Vec,GraphSAGE,10059,3002,2458,169,0.7198967066592514,1.0,0.7145899773642267,0.6890372629014524,0.5884597878225553,0.581819690679092
4,Biomni + ESM + Node2Vec,MLP (no graph),10059,3002,2458,169,0.8091548783156333,3.0,0.8121262267112717,0.7435241160886014,0.6106228773502329,0.6032083987248025
4,Baseline (no training),Common neighbors,10059,3002,2458,169,,,0.5,0.5,0.5,0.5
4,Baseline (no training),Adamic-Adar,10059,3002,2458,169,,,0.5,0.5,0.5,0.5
4,Baseline (no training),Resource allocation,10059,3002,2458,169,,,0.5,0.5,0.5,0.5
4,Baseline (no training),Preferential attachment,10059,3002,2458,169,,,0.5,0.5,0.5,0.5
4,Baseline (no training),ESM cosine,10059,3002,2458,169,,,0.6570449458138385,0.6546301342356722,0.6336962991491895,0.650440451076168
4,Baseline (no training),Partner degree,10059,3002,2458,169,,,0.8863487550986764,0.8508714651519854,0.5,0.5
5,Biomni only,GCN,10774,2391,2586,143,0.8127606644252346,38.0,0.8002951373000791,0.8018224605129649,0.5422270037654653,0.5718958739592782
5,Biomni only,GAT,10774,2391,2586,143,0.7808432605121569,42.0,0.7840575016045108,0.7629215918644223,0.5649665020294391,0.572410033073439
5,Biomni only,GraphSAGE,10774,2391,2586,143,0.520481447838428,1.0,0.5107768404921736,0.5123183617949418,0.46672208909971147,0.4804756756752633
5,Biomni only,MLP (no graph),10774,2391,2586,143,0.7828917551371106,60.0,0.7911924910682723,0.7693751244811093,0.5668736857548046,0.5706283142482069
5,ESM only,GCN,10774,2391,2586,143,0.8130219082748091,60.0,0.8334744944070906,0.8143427041061395,0.6633087192527751,0.6346568091933243
5,ESM only,GAT,10774,2391,2586,143,0.6833299486205853,4.0,0.6646743366177209,0.5627060792031361,0.6706440412734119,0.667913266026997
5,ESM only,GraphSAGE,10774,2391,2586,143,0.8160140992964522,2.0,0.8234276091919785,0.7484167481235747,0.7315272140446964,0.7172127252503921
5,ESM only,MLP (no graph),10774,2391,2586,143,0.8638916919907901,60.0,0.8697563296685287,0.8543088240608288,0.7922636803755685,0.7906837618824438
5,Node2Vec only,GCN,10774,2391,2586,143,0.360996844258259,1.0,0.4042323798381313,0.5487577487333957,0.4603648100151596,0.4622883206691538
5,Node2Vec only,GAT,10774,2391,2586,143,0.2255946905314279,1.0,0.24245999489188316,0.35978580910240743,0.4864541053352242,0.47664989998288954
5,Node2Vec only,GraphSAGE,10774,2391,2586,143,0.7298705360492899,2.0,0.7522002585161698,0.6831024822890246,0.5067729473323879,0.5018895453238579
5,Node2Vec only,MLP (no graph),10774,2391,2586,143,0.7872563728368669,8.0,0.7957370103400485,0.726751144287535,0.553963518998484,0.554223716410327
5,Biomni + ESM,GCN,10774,2391,2586,143,0.8537525094540188,43.0,0.8592428203743281,0.8501877305076697,0.657880580957504,0.6581856894542863
5,Biomni + ESM,GAT,10774,2391,2586,143,0.8406588312753055,60.0,0.844339859640434,0.8261439305399487,0.7230671426475623,0.7135057023646396
5,Biomni + ESM,GraphSAGE,10774,2391,2586,143,0.7749452017629892,2.0,0.7702965399387145,0.6776216725584047,0.6409604381632353,0.6058087768294451
5,Biomni + ESM,MLP (no graph),10774,2391,2586,143,0.8688996674935162,60.0,0.8765588279802782,0.8600798222754388,0.7940241576605214,0.7899787735845891
5,Biomni + Node2Vec,GCN,10774,2391,2586,143,0.6602734078250012,7.0,0.6471205683049127,0.6246105221705003,0.5397818964252531,0.5249334989611647
5,Biomni + Node2Vec,GAT,10774,2391,2586,143,0.7090742312110397,9.0,0.7089101647337768,0.6511517614110879,0.5553816812558071,0.5364355207780088
5,Biomni + Node2Vec,GraphSAGE,10774,2391,2586,143,0.7709459056433046,1.0,0.7782796921253056,0.7146427623088796,0.5286811091006896,0.5287177911336014
5,Biomni + Node2Vec,MLP (no graph),10774,2391,2586,143,0.8014387565527427,6.0,0.8056449775069399,0.7650971217812058,0.549977994033938,0.5421045243349927
5,ESM + Node2Vec,GCN,10774,2391,2586,143,0.6109841187878495,6.0,0.5426672055909355,0.6001887839281903,0.6445791970267495,0.6275659772113455
5,ESM + Node2Vec,GAT,10774,2391,2586,143,0.5118025020986093,18.0,0.4780348733647596,0.4726111637225672,0.6395422759059123,0.6628555174716979
5,ESM + Node2Vec,GraphSAGE,10774,2391,2586,143,0.8133517209821229,1.0,0.8092424166297316,0.7153498962210573,0.6308376937747566,0.6292400571132236
5,ESM + Node2Vec,MLP (no graph),10774,2391,2586,143,0.8126844865233334,2.0,0.8181248725213819,0.7435987505916821,0.6954374297031639,0.6472394791576137
5,Biomni + ESM + Node2Vec,GCN,10774,2391,2586,143,0.6944179877104316,10.0,0.6374795959443705,0.6631035670543861,0.5415423737102059,0.548422654966682
5,Biomni + ESM + Node2Vec,GAT,10774,2391,2586,143,0.6539296515005297,7.0,0.6340500098992194,0.5905632210024673,0.5480463592351704,0.5586345743381282
5,Biomni + ESM + Node2Vec,GraphSAGE,10774,2391,2586,143,0.6752232554779432,1.0,0.6662976889659293,0.6444349849337164,0.6177319184312191,0.615126640666053
5,Biomni + ESM + Node2Vec,MLP (no graph),10774,2391,2586,143,0.800273173431457,5.0,0.7923599858599669,0.7192497543413161,0.5508826837498166,0.5527722016389098
5,Baseline (no training),Common neighbors,10774,2391,2586,143,,,0.5,0.5,0.5,0.5
5,Baseline (no training),Adamic-Adar,10774,2391,2586,143,,,0.5,0.5,0.5,0.5
5,Baseline (no training),Resource allocation,10774,2391,2586,143,,,0.5,0.5,0.5,0.5
5,Baseline (no training),Preferential attachment,10774,2391,2586,143,,,0.5,0.5,0.5,0.5
5,Baseline (no training),ESM cosine,10774,2391,2586,143,,,0.6562922997232405,0.646584126314021,0.665069196537728,0.6630397609824425
5,Baseline (no training),Partner degree,10774,2391,2586,143,,,0.8913615254726952,0.8627559294915436,0.5,0.5
6,Biomni only,GCN,10041,2761,2723,194,0.8056774252960172,54.0,0.7961414368616844,0.7914253650561998,0.6228079498352641,0.6182625616650909
6,Biomni only,GAT,10041,2761,2723,194,0.7787429846646798,47.0,0.7711713401797962,0.7278886779889363,0.6208151769582315,0.5949804097692607
6,Biomni only,GraphSAGE,10041,2761,2723,194,0.6124608280519226,5.0,0.5837644234873587,0.5769741727042197,0.5914018492932299,0.5705441922873908
6,Biomni only,MLP (no graph),10041,2761,2723,194,0.7980462988846694,60.0,0.7950020155827677,0.7670577246623237,0.6367042193644383,0.6397812316024527
6,ESM only,GCN,10041,2761,2723,194,0.8411628255671135,60.0,0.8157147752803913,0.806678033875842,0.6594218301626104,0.6715754788801596
6,ESM only,GAT,10041,2761,2723,194,0.8328771116187189,60.0,0.8351896610112116,0.8047330020248169,0.775587203741099,0.7729374775315405
6,ESM only,GraphSAGE,10041,2761,2723,194,0.8123002376585653,1.0,0.7993982652636394,0.7646154777302625,0.6466680837496015,0.6693608531592774
6,ESM only,MLP (no graph),10041,2761,2723,194,0.8567467314240453,57.0,0.8664154819414169,0.843082157833035,0.7957274949516421,0.7912528201818708
6,Node2Vec only,GCN,10041,2761,2723,194,0.20377605182969022,1.0,0.21007989637922034,0.36680193738097944,0.5004649803379744,0.5037153388821587
6,Node2Vec only,GAT,10041,2761,2723,194,0.2210548015701181,1.0,0.22719292910098263,0.3525652638612833,0.5260521840790733,0.5338441703794711
6,Node2Vec only,GraphSAGE,10041,2761,2723,194,0.7520001978192397,1.0,0.7392754340718319,0.6806991065149778,0.5666914656180253,0.5430892991755215
6,Node2Vec only,MLP (no graph),10041,2761,2723,194,0.8141974920770639,7.0,0.8120976505007803,0.7309760185783356,0.4957886066532044,0.5181082053862965
6,Biomni + ESM,GCN,10041,2761,2723,194,0.862729451624866,60.0,0.8404269394066863,0.8299637714158099,0.7188064618981825,0.7006893161256941
6,Biomni + ESM,GAT,10041,2761,2723,194,0.8402890364720697,60.0,0.8365390023020397,0.818080497842837,0.7609469656711659,0.7574828902352277
6,Biomni + ESM,GraphSAGE,10041,2761,2723,194,0.8385353584181598,2.0,0.8287701411609245,0.7741699411037488,0.6277500265703051,0.5932139847628177
6,Biomni + ESM,MLP (no graph),10041,2761,2723,194,0.8683022347408627,59.0,0.8750745307077306,0.8579613088461233,0.8128653416941226,0.8107386480369685
6,Biomni + Node2Vec,GCN,10041,2761,2723,194,0.6827388677157297,1.0,0.691904990728589,0.628257989393364,0.5667446062280795,0.5473497037160138
6,Biomni + Node2Vec,GAT,10041,2761,2723,194,0.7215311156677167,10.0,0.6926267972841624,0.6217905974405831,0.6027207992347752,0.5747400747882264
6,Biomni + Node2Vec,GraphSAGE,10041,2761,2723,194,0.6330459007537725,1.0,0.6449942405177587,0.6240322126958432,0.5555850781166968,0.5405864285505617
6,Biomni + Node2Vec,MLP (no graph),10041,2761,2723,194,0.8061157628220778,6.0,0.800821108903643,0.739266791715143,0.5938994579657775,0.5720055881344324
6,ESM + Node2Vec,GCN,10041,2761,2723,194,0.7005221352251919,6.0,0.7517623368298424,0.761235763425762,0.573652885535126,0.5735907328292582
6,ESM + Node2Vec,GAT,10041,2761,2723,194,0.5896354655789933,7.0,0.6459712822950103,0.6256777823040283,0.4912052290360293,0.5099515960465564
6,ESM + Node2Vec,GraphSAGE,10041,2761,2723,194,0.8186757759715475,1.0,0.8316274269767646,0.7769151273535296,0.6685354447869061,0.6668541505571532
6,ESM + Node2Vec,MLP (no graph),10041,2761,2723,194,0.8204819915622485,2.0,0.824585429892313,0.7743093153094099,0.6951854607290893,0.7369271058765758
6,Biomni + ESM + Node2Vec,GCN,10041,2761,2723,194,0.7435863867305792,9.0,0.7797212817892603,0.7698853732851361,0.5987086831756829,0.5914495476399356
6,Biomni + ESM + Node2Vec,GAT,10041,2761,2723,194,0.6111508658986261,8.0,0.6392176302060399,0.6031286269482729,0.5688968009352747,0.5577794784548561
6,Biomni + ESM + Node2Vec,GraphSAGE,10041,2761,2723,194,0.7664173243478622,1.0,0.7805031040244357,0.7350504336743497,0.6053778297374854,0.6180136580150903
6,Biomni + ESM + Node2Vec,MLP (no graph),10041,2761,2723,194,0.846503289138399,3.0,0.8366392082569708,0.8043287519500487,0.6705282176639389,0.7070069369507319
6,Baseline (no training),Common neighbors,10041,2761,2723,194,,,0.5,0.5,0.5,0.5
6,Baseline (no training),Adamic-Adar,10041,2761,2723,194,,,0.5,0.5,0.5,0.5
6,Baseline (no training),Resource allocation,10041,2761,2723,194,,,0.5,0.5,0.5,0.5
6,Baseline (no training),Preferential attachment,10041,2761,2723,194,,,0.5,0.5,0.5,0.5
6,Baseline (no training),ESM cosine,10041,2761,2723,194,,,0.6668078496193185,0.6579639771556073,0.6308056116484217,0.6180414107884425
6,Baseline (no training),Partner degree,10041,2761,2723,194,,,0.8910656748210218,0.8655591002709592,0.5,0.5
7,Biomni only,GCN,10631,2335,2758,171,0.7834440068045614,21.0,0.7992113127556674,0.7889213029379177,0.6363667453233474,0.645027770151605
7,Biomni only,GAT,10631,2335,2758,171,0.7580042092907024,43.0,0.7779085274244718,0.7536026684240816,0.6107862248213125,0.6330477414099367
7,Biomni only,GraphSAGE,10631,2335,2758,171,0.5562538229805263,1.0,0.5943123596935489,0.5729765964900009,0.5874628090694572,0.5623827174892219
7,Biomni only,MLP (no graph),10631,2335,2758,171,0.7709309502084013,60.0,0.78236132634919,0.7544554345518887,0.6439588249375877,0.6495535557798486
7,ESM only,GCN,10631,2335,2758,171,0.8197072754701062,58.0,0.8352299408773791,0.8191343747411824,0.6449847816422146,0.640927963269452
7,ESM only,GAT,10631,2335,2758,171,0.8201534236022908,59.0,0.8233037939337656,0.7938131912411109,0.7170753394206765,0.6865095976567139
7,ESM only,GraphSAGE,10631,2335,2758,171,0.5060765100486498,1.0,0.4608801687595082,0.47866241404143917,0.5914298416606819,0.6320960395126347
7,ESM only,MLP (no graph),10631,2335,2758,171,0.7389765646135293,2.0,0.7215147338535507,0.7054648509215435,0.6073321705824014,0.6096755761238356
7,Node2Vec only,GCN,10631,2335,2758,171,0.3090532764146747,1.0,0.3486877912287335,0.475678644815505,0.4722820696966588,0.49228653020880275
7,Node2Vec only,GAT,10631,2335,2758,171,0.40491469079137415,8.0,0.37583335918819594,0.4617774126798214,0.43707465544954,0.4955361877778345
7,Node2Vec only,GraphSAGE,10631,2335,2758,171,0.4092540201477378,1.0,0.3995656251626884,0.49311616490455346,0.4837556855100715,0.5068069931294165
7,Node2Vec only,MLP (no graph),10631,2335,2758,171,0.7953684963478213,8.0,0.7901653755887678,0.7150539439893628,0.40713381895284023,0.4324424415315925
7,Biomni + ESM,GCN,10631,2335,2758,171,0.8290353021014356,56.0,0.8478214999571423,0.8444166509217528,0.6800725009404603,0.686277867322744
7,Biomni + ESM,GAT,10631,2335,2758,171,0.8208337880406622,60.0,0.8309636256264983,0.8140667049273623,0.691700010259567,0.699039078398007
7,Biomni + ESM,GraphSAGE,10631,2335,2758,171,0.7492751124540897,2.0,0.6612941796059297,0.6966196605102981,0.5861974624670838,0.6146089474192961
7,Biomni + ESM,MLP (no graph),10631,2335,2758,171,0.8506235527697408,60.0,0.8465501637795989,0.8327678752976388,0.7352005745357546,0.7207235157267691
7,Biomni + Node2Vec,GCN,10631,2335,2758,171,0.6672646488360257,1.0,0.6785194997373322,0.6319008836866387,0.6385212544030643,0.6026996584680591
7,Biomni + Node2Vec,GAT,10631,2335,2758,171,0.7026892690598793,11.0,0.7191614374111622,0.6490443620648783,0.61902807701515,0.6004183860293275
7,Biomni + Node2Vec,GraphSAGE,10631,2335,2758,171,0.6345873473673592,1.0,0.6808600440356511,0.672536859035469,0.5597961766013474,0.5653829551567735
7,Biomni + Node2Vec,MLP (no graph),10631,2335,2758,171,0.7886859951671107,6.0,0.7949900901379388,0.7302734506515,0.6206354091857323,0.6087361558088533
7,ESM + Node2Vec,GCN,10631,2335,2758,171,0.5845565801117892,6.0,0.6845387089361241,0.7019262724318491,0.5772032420231865,0.5808732686031206
7,ESM + Node2Vec,GAT,10631,2335,2758,171,0.5533442768777884,9.0,0.6545825421307176,0.6439058211150925,0.5695427652953045,0.5707125651826356
7,ESM + Node2Vec,GraphSAGE,10631,2335,2758,171,0.8066100536936756,1.0,0.789768875933996,0.7357852692348628,0.6042201019116993,0.6379121167135231
7,ESM + Node2Vec,MLP (no graph),10631,2335,2758,171,0.8235957797046161,2.0,0.7923669609563528,0.7352528655835013,0.5760062925344551,0.6018083254953266
7,Biomni + ESM + Node2Vec,GCN,10631,2335,2758,171,0.6906330901604391,8.0,0.7547491219425748,0.7433646827906887,0.5822646284326801,0.5856238729409697
7,Biomni + ESM + Node2Vec,GAT,10631,2335,2758,171,0.6280934847699793,8.0,0.6782827962796343,0.6349796012181326,0.5539653226633836,0.5419719375224118
7,Biomni + ESM + Node2Vec,GraphSAGE,10631,2335,2758,171,0.8102181219593836,1.0,0.808024424694251,0.7720235855198423,0.6342464348004514,0.6322281682330138
7,Biomni + ESM + Node2Vec,MLP (no graph),10631,2335,2758,171,0.8070149342699541,3.0,0.8134813563653708,0.7516772030978853,0.6052460586163264,0.6167749998965844
7,Baseline (no training),Common neighbors,10631,2335,2758,171,,,0.5,0.5,0.5,0.5
7,Baseline (no training),Adamic-Adar,10631,2335,2758,171,,,0.5,0.5,0.5,0.5
7,Baseline (no training),Resource allocation,10631,2335,2758,171,,,0.5,0.5,0.5,0.5
7,Baseline (no training),Preferential attachment,10631,2335,2758,171,,,0.5,0.5,0.5,0.5
7,Baseline (no training),ESM cosine,10631,2335,2758,171,,,0.6642541231494272,0.6520028101597664,0.7145788447727507,0.6760736975844314
7,Baseline (no training),Partner degree,10631,2335,2758,171,,,0.8767472409355919,0.8440618335056379,0.5,0.5
8,Biomni only,GCN,10706,2453,2567,141,0.8589295302855526,42.0,0.8176737224995748,0.8005203525230202,0.6215985111412907,0.6216919942022108
8,Biomni only,GAT,10706,2453,2567,141,0.8180777001430397,53.0,0.7661685906145378,0.7157044400385022,0.6047985513807153,0.6271702462354241
8,Biomni only,GraphSAGE,10706,2453,2567,141,0.6358206105189299,1.0,0.6060216505407324,0.5798238377786369,0.6240631758965847,0.6397431662677753
8,Biomni only,MLP (no graph),10706,2453,2567,141,0.8152371805599572,60.0,0.7970402560805548,0.7645599777710317,0.6246667672652281,0.621950554514159
8,ESM only,GCN,10706,2453,2567,141,0.8491719333664495,59.0,0.8111588015398463,0.8047988549741856,0.6416176248679644,0.6152098962291639
8,ESM only,GAT,10706,2453,2567,141,0.8292126798321281,60.0,0.8164420640204423,0.7909973930641072,0.6920175041496905,0.6978016405154185
8,ESM only,GraphSAGE,10706,2453,2567,141,0.840258914057996,2.0,0.8289205733555363,0.7594765260137603,0.6242643730194657,0.614759450856357
8,ESM only,MLP (no graph),10706,2453,2567,141,0.867494049151359,60.0,0.8541587974424117,0.8386377497157359,0.7019767617323073,0.6703497551265658
8,Node2Vec only,GCN,10706,2453,2567,141,0.3337357901312718,1.0,0.4077521792661009,0.5474915908296757,0.5115939842060259,0.5549017211494138
8,Node2Vec only,GAT,10706,2453,2567,141,0.2360644278767781,5.0,0.2754214325268621,0.40360576010749455,0.5104622503898194,0.5813790760531085
8,Node2Vec only,GraphSAGE,10706,2453,2567,141,0.7928404182071788,1.0,0.799268956970715,0.6991045675497096,0.5181580403400231,0.5392695690418707
8,Node2Vec only,MLP (no graph),10706,2453,2567,141,0.830480211008127,8.0,0.8133072230638825,0.7431774554412414,0.5029928072028569,0.5237492219177999
8,Biomni + ESM,GCN,10706,2453,2567,141,0.8787465251747114,60.0,0.8515903888753741,0.8432852180570021,0.7030330466274333,0.7025655484276798
8,Biomni + ESM,GAT,10706,2453,2567,141,0.8512611910272687,60.0,0.8171935638711895,0.7973645225488519,0.6983049142397263,0.7082631615537562
8,Biomni + ESM,GraphSAGE,10706,2453,2567,141,0.41518758946215767,1.0,0.39170169340900335,0.4405968668574656,0.5679794778934661,0.5865894750970851
8,Biomni + ESM,MLP (no graph),10706,2453,2567,141,0.8751604772245738,60.0,0.8597414761599873,0.8453083315380547,0.7072581862079371,0.6912778772107634
8,Biomni + Node2Vec,GCN,10706,2453,2567,141,0.6938087076583179,1.0,0.6409163138446698,0.6192108841271585,0.611790151400835,0.6313209378303406
8,Biomni + Node2Vec,GAT,10706,2453,2567,141,0.6974987074572281,8.0,0.6929126067286857,0.613242322427527,0.6036919672048688,0.6244979734645429
8,Biomni + Node2Vec,GraphSAGE,10706,2453,2567,141,0.5714637799684206,1.0,0.5763704135480004,0.5808679175134814,0.6089733916804989,0.6265963327943085
8,Biomni + Node2Vec,MLP (no graph),10706,2453,2567,141,0.8304391620766373,7.0,0.8169605412498602,0.7693538303083911,0.6241637744580252,0.6124801775015989
8,ESM + Node2Vec,GCN,10706,2453,2567,141,0.5834631969738795,1.0,0.5682439108707822,0.5901746548211257,0.5840752477239575,0.5565640927153215
8,ESM + Node2Vec,GAT,10706,2453,2567,141,0.5245248253800059,8.0,0.5716203487098923,0.5900510958871455,0.5853327297419647,0.5852358624908509
8,ESM + Node2Vec,GraphSAGE,10706,2453,2567,141,0.4112277801884561,1.0,0.40368949701562595,0.42881308335328316,0.5435843267441275,0.5168834399469877
8,ESM + Node2Vec,MLP (no graph),10706,2453,2567,141,0.8267806552838699,2.0,0.8284461056084925,0.7508658581489697,0.6286404104421307,0.6034080859392157
8,Biomni + ESM + Node2Vec,GCN,10706,2453,2567,141,0.7465213523412598,7.0,0.7640891425723604,0.7785558464749092,0.6515265831698607,0.6864664692543169
8,Biomni + ESM + Node2Vec,GAT,10706,2453,2567,141,0.6356807616288549,6.0,0.6378902825393592,0.6093710884965172,0.641919420552286,0.6465633265648585
8,Biomni + ESM + Node2Vec,GraphSAGE,10706,2453,2567,141,0.505992479237467,1.0,0.42379158687418705,0.4740073091260108,0.6042955585735124,0.6092307371432774
8,Biomni + ESM + Node2Vec,MLP (no graph),10706,2453,2567,141,0.8503439883839833,2.0,0.8427312041950444,0.8053675417924937,0.6565062119611689,0.6768772373415921
8,Baseline (no training),Common neighbors,10706,2453,2567,141,,,0.5,0.5,0.5,0.5
8,Baseline (no training),Adamic-Adar,10706,2453,2567,141,,,0.5,0.5,0.5,0.5
8,Baseline (no training),Resource allocation,10706,2453,2567,141,,,0.5,0.5,0.5,0.5
8,Baseline (no training),Preferential attachment,10706,2453,2567,141,,,0.5,0.5,0.5,0.5
8,Baseline (no training),ESM cosine,10706,2453,2567,141,,,0.6385055047515824,0.6384431848558499,0.6406116392535587,0.6486623423476533
8,Baseline (no training),Partner degree,10706,2453,2567,141,,,0.8897743815946881,0.8572260669306625,0.5,0.5
9,Biomni only,GCN,10203,2951,2432,157,0.8450415294380679,41.0,0.8031152952410838,0.7998971978283811,0.7023814353523471,0.719942457574521
9,Biomni only,GAT,10203,2951,2432,157,0.805293646904868,28.0,0.7732169449824706,0.7186785885772214,0.7178384518641729,0.7041852886199351
9,Biomni only,GraphSAGE,10203,2951,2432,157,0.6172576917392757,1.0,0.6318547890787309,0.6257779168282107,0.6924013144549475,0.6797454243606073
9,Biomni only,MLP (no graph),10203,2951,2432,157,0.8124531128045207,60.0,0.7923257674536875,0.7679295975616065,0.7048156111809809,0.7228767951819385
9,ESM only,GCN,10203,2951,2432,157,0.8540270481343244,60.0,0.8302699377001816,0.8247682338268217,0.6891151770862917,0.6818942033876944
9,ESM only,GAT,10203,2951,2432,157,0.7047596912452699,4.0,0.7024055121678064,0.5961489064170864,0.716256237575561,0.7287008944743427
9,ESM only,GraphSAGE,10203,2951,2432,157,0.3991325732473734,1.0,0.436560295295187,0.45644295089620546,0.639214572599294,0.6375738082243813
9,ESM only,MLP (no graph),10203,2951,2432,157,0.766074104763894,3.0,0.7684236563473857,0.7465874810882385,0.6868432796462332,0.6865329024191187
9,Node2Vec only,GCN,10203,2951,2432,157,0.4245113999688347,1.0,0.41830004747554533,0.545044183379068,0.5438151649154124,0.5361873978188
9,Node2Vec only,GAT,10203,2951,2432,157,0.2569584818154332,1.0,0.23769625930574792,0.35679943271612957,0.5478112702340866,0.5245068582794867
9,Node2Vec only,GraphSAGE,10203,2951,2432,157,0.7540681693458994,1.0,0.7536590660708102,0.674081903903394,0.5197776786076514,0.5227487361008548
9,Node2Vec only,MLP (no graph),10203,2951,2432,157,0.805346813955857,7.0,0.8058063369708709,0.7297080751840859,0.46679378473771754,0.48888670245315097
9,Biomni + ESM,GCN,10203,2951,2432,157,0.8689956973731459,26.0,0.8543047706836477,0.8516794259380589,0.7237616130471825,0.7546763306221896
9,Biomni + ESM,GAT,10203,2951,2432,157,0.8454473444665674,60.0,0.8318177114893526,0.8161689070925986,0.7663191204511339,0.7783461643343708
9,Biomni + ESM,GraphSAGE,10203,2951,2432,157,0.8075081177359654,1.0,0.7883176512995584,0.7294223260144943,0.6935778327721205,0.7034153766140695
9,Biomni + ESM,MLP (no graph),10203,2951,2432,157,0.8129832330872224,4.0,0.7962749618572542,0.7768354734424915,0.7114690251125807,0.7257295986105651
9,Biomni + Node2Vec,GCN,10203,2951,2432,157,0.7276346139779277,9.0,0.6879168481377682,0.6640916271647508,0.707249787009615,0.6685451722540425
9,Biomni + Node2Vec,GAT,10203,2951,2432,157,0.694098434373888,11.0,0.6603879637995584,0.5759814424432875,0.7143494665097977,0.6897523715109409
9,Biomni + Node2Vec,GraphSAGE,10203,2951,2432,157,0.614922418019106,1.0,0.5680929168109419,0.5734824279948405,0.6975536532922227,0.6778114038726955
9,Biomni + Node2Vec,MLP (no graph),10203,2951,2432,157,0.8147786258349838,7.0,0.8112893566860716,0.7652463994966402,0.7172299079070145,0.7177573521655826
9,ESM + Node2Vec,GCN,10203,2951,2432,157,0.5734084822230855,8.0,0.5733684846238747,0.6426009677720432,0.586676944297943,0.5714980724976303
9,ESM + Node2Vec,GAT,10203,2951,2432,157,0.47340860853789346,8.0,0.4825283906466412,0.5307969490487043,0.627855085399002,0.6290882989827875
9,ESM + Node2Vec,GraphSAGE,10203,2951,2432,157,0.6297522932166306,1.0,0.6280544629717798,0.6744892529238045,0.6569029169540346,0.647506423904121
9,ESM + Node2Vec,MLP (no graph),10203,2951,2432,157,0.8243968668875032,2.0,0.8141104151337429,0.7485289470066818,0.6683029737514707,0.6653423497059456
9,Biomni + ESM + Node2Vec,GCN,10203,2951,2432,157,0.7838668660297109,5.0,0.7754999303421485,0.7823501672443377,0.703192827295225,0.718318440784416
9,Biomni + ESM + Node2Vec,GAT,10203,2951,2432,157,0.6869817432614782,6.0,0.6697183963004242,0.6373568442908082,0.6806767008803603,0.6678622776480337
9,Biomni + ESM + Node2Vec,GraphSAGE,10203,2951,2432,157,0.8322430834317345,1.0,0.8283404828438797,0.7693977491283834,0.6998661203294252,0.6614629550398461
9,Biomni + ESM + Node2Vec,MLP (no graph),10203,2951,2432,157,0.8279744467440118,2.0,0.8272946006373355,0.7692189054921261,0.7220171203699947,0.7495594034705083
9,Baseline (no training),Common neighbors,10203,2951,2432,157,,,0.5,0.5,0.5,0.5
9,Baseline (no training),Adamic-Adar,10203,2951,2432,157,,,0.5,0.5,0.5,0.5
9,Baseline (no training),Resource allocation,10203,2951,2432,157,,,0.5,0.5,0.5,0.5
9,Baseline (no training),Preferential attachment,10203,2951,2432,157,,,0.5,0.5,0.5,0.5
9,Baseline (no training),ESM cosine,10203,2951,2432,157,,,0.6591717410946156,0.6565053640069803,0.6591748143940931,0.6956888394662538
9,Baseline (no training),Partner degree,10203,2951,2432,157,,,0.8963213891533933,0.8761541236123294,0.5,0.5
