seed,variant,per_protein_AUC,per_protein_P@5,per_protein_hit@10,pooled_AUC,pooled_precision_top0.001,pooled_precision_top0.01
0,dot,0.6513265841342218,0.0892857142857143,0.20089285714285715,0.7244266862524684,0.8571428571428571,0.2234540527223454
0,cos,0.6520758008337916,0.08125000000000002,0.30357142857142855,0.695087603116616,0.42857142857142855,0.11160384331116038
0,csls,0.6523887514423503,0.07857142857142858,0.30357142857142855,0.6965442144808641,0.05172413793103448,0.11529933481152993
0,esm,0.6371045085001993,0.1267857142857143,0.45089285714285715,0.6008630818596428,0.1354679802955665,0.050505050505050504
0,"blend(cos,0.25)",0.6539041808021723,0.1142857142857143,0.4330357142857143,0.6872051891520482,0.18472906403940886,0.09928553830992855
0,"blend(cos,0.5)",0.6655289134853496,0.1107142857142857,0.42410714285714285,0.7207527977014649,0.16009852216748768,0.10076373491007637
0,"blend(cos,0.75)",0.6637716808857395,0.09464285714285714,0.3392857142857143,0.7379828396364924,0.14039408866995073,0.09460458240946046
0,"blend(csls,0.5)",0.6658436229489613,0.10535714285714286,0.4107142857142857,0.7208813247527185,0.16748768472906403,0.09903917220990392
1,dot,0.6551208389188481,0.06991150442477877,0.20353982300884957,0.7124358503511733,0.7097560975609756,0.18168498168498168
1,cos,0.6610158056153782,0.07699115044247788,0.336283185840708,0.6978267370350211,0.24878048780487805,0.09938949938949938
1,csls,0.6625515301636117,0.08141592920353982,0.3584070796460177,0.702718571095404,0.3926829268292683,0.1072039072039072
1,esm,0.6429031425190234,0.11592920353982303,0.4424778761061947,0.6165296943230849,0.08536585365853659,0.052503052503052504
1,"blend(cos,0.25)",0.6621787864051093,0.10088495575221239,0.40707964601769914,0.6799572344489372,0.15853658536585366,0.08351648351648351
1,"blend(cos,0.5)",0.6756086730601581,0.09557522123893807,0.3893805309734513,0.7141600782279505,0.13658536585365855,0.08302808302808302
1,"blend(cos,0.75)",0.6726440464304573,0.09646017699115045,0.3584070796460177,0.73091234130888,0.12682926829268293,0.08107448107448108
1,"blend(csls,0.5)",0.6764575017931284,0.10442477876106193,0.38495575221238937,0.7143440405017905,0.15365853658536585,0.08400488400488401
2,dot,0.6552751009551704,0.09155555555555558,0.25333333333333335,0.72095072555826,0.8161764705882353,0.20946774589158695
2,cos,0.6588969110410213,0.07377777777777779,0.3022222222222222,0.6859752643296958,0.24019607843137256,0.07799852832965416
2,csls,0.6589924281091578,0.07644444444444445,0.29777777777777775,0.6891181830273185,0.3235294117647059,0.09762079960755457
2,esm,0.6438478103517271,0.11111111111111115,0.4177777777777778,0.5825237861667167,0.09803921568627451,0.05077262693156733
2,"blend(cos,0.25)",0.6612346005676695,0.09866666666666667,0.38666666666666666,0.6837286005914448,0.1568627450980392,0.08903605592347315
2,"blend(cos,0.5)",0.6721773052479098,0.096,0.3688888888888889,0.7179737569553236,0.12990196078431374,0.08511160166789306
2,"blend(cos,0.75)",0.6701541946093984,0.08977777777777778,0.37333333333333335,0.7348042972958602,0.12009803921568628,0.08413048810399804
2,"blend(csls,0.5)",0.6720851954121886,0.09066666666666667,0.37777777777777777,0.7179574582414084,0.125,0.08780966396860436
3,dot,0.6386434879763582,0.08177777777777778,0.24444444444444444,0.7160909616997553,0.8284313725490197,0.20946774589158695
3,cos,0.6532086343898257,0.09333333333333334,0.36444444444444446,0.6995580031389022,0.40441176470588236,0.13269560951680157
3,csls,0.6545948220842658,0.09422222222222222,0.3466666666666667,0.7016006712381814,0.1323529411764706,0.11896001962227128
3,esm,0.6459984562176033,0.13422222222222221,0.4222222222222222,0.6065935336787004,0.1053921568627451,0.058621535442727496
3,"blend(cos,0.25)",0.661452373943482,0.12000000000000001,0.4177777777777778,0.6939863519606819,0.17892156862745098,0.10669610007358352
3,"blend(cos,0.5)",0.6691445003768277,0.11733333333333335,0.4,0.7193934082035439,0.17892156862745098,0.1057149865096885
3,"blend(cos,0.75)",0.6647431378653782,0.104,0.39111111111111113,0.7300254706089255,0.15196078431372548,0.09958302673534461
3,"blend(csls,0.5)",0.669711049369892,0.11555555555555555,0.41333333333333333,0.7197228263594481,0.1715686274509804,0.10203581064508217
4,dot,0.6734857646743945,0.09203539823008848,0.28761061946902655,0.7348355282808087,0.8048780487804879,0.22295482295482297
4,cos,0.6730879350057565,0.11681415929203542,0.35398230088495575,0.7045033782864863,0.34146341463414637,0.12185592185592185
4,csls,0.6730544186565838,0.11504424778761062,0.336283185840708,0.7046521885177879,0.08536585365853659,0.10671550671550671
4,esm,0.6485833044934186,0.14690265486725665,0.5,0.6055645746637262,0.11951219512195121,0.0673992673992674
4,"blend(cos,0.25)",0.6678164741072323,0.1433628318584071,0.4424778761061947,0.7011389362059547,0.23170731707317074,0.12087912087912088
4,"blend(cos,0.5)",0.6820629986340284,0.13716814159292035,0.43805309734513276,0.7342392174255397,0.2,0.115995115995116
4,"blend(cos,0.75)",0.6828826807385641,0.11769911504424779,0.42920353982300885,0.7509154275530282,0.21951219512195122,0.11257631257631258
4,"blend(csls,0.5)",0.6822074182859309,0.13539823008849558,0.45132743362831856,0.7338099987994466,0.21951219512195122,0.11526251526251527
5,dot,0.6505820858536356,0.05688888888888889,0.26666666666666666,0.6890127840554943,0.6470588235294118,0.1506009320578857
5,cos,0.6564369924370044,0.06133333333333334,0.29333333333333333,0.6803969468867817,0.25,0.09492273730684327
5,csls,0.6577665377373534,0.06755555555555556,0.26222222222222225,0.6849631648351331,0.3946078431372549,0.09345106696100074
5,esm,0.6599943272762092,0.1288888888888889,0.4488888888888889,0.6125397575365408,0.12745098039215685,0.05371596762325239
5,"blend(cos,0.25)",0.673926450641382,0.10222222222222223,0.4622222222222222,0.6755021808300273,0.12990196078431374,0.07652685798381163
5,"blend(cos,0.5)",0.6800908452342843,0.09866666666666668,0.4177777777777778,0.6973398468924623,0.12254901960784313,0.07431935246504782
5,"blend(cos,0.75)",0.6717888594723617,0.08977777777777778,0.38222222222222224,0.7058892234848084,0.10294117647058823,0.07162129016433652
5,"blend(csls,0.5)",0.6809565724122538,0.09777777777777778,0.41333333333333333,0.6980682883100662,0.12254901960784313,0.07358351729212656
6,dot,0.6461406207442627,0.07589285714285714,0.25892857142857145,0.6827404214462232,0.729064039408867,0.16777531411677754
6,cos,0.6513281596221088,0.08214285714285714,0.30357142857142855,0.6649986381703848,0.3522167487684729,0.09238728750923873
6,csls,0.6524151316916637,0.0830357142857143,0.3080357142857143,0.6686299678527333,0.3645320197044335,0.10199556541019955
6,esm,0.6382500542626163,0.12410714285714286,0.39732142857142855,0.6020544764943567,0.0812807881773399,0.051490514905149054
6,"blend(cos,0.25)",0.6541590275123063,0.12410714285714286,0.36607142857142855,0.654021634899657,0.21182266009852216,0.09509731460950974
6,"blend(cos,0.5)",0.66388349628773,0.10982142857142858,0.35714285714285715,0.6820191060105649,0.19704433497536947,0.095590046809559
6,"blend(cos,0.75)",0.6622548478782326,0.10000000000000002,0.32589285714285715,0.6970663556551832,0.18226600985221675,0.08918452820891845
6,"blend(csls,0.5)",0.6644257379292683,0.11964285714285715,0.3482142857142857,0.6826561897981198,0.19950738916256158,0.09337275190933728
7,dot,0.6604189484771574,0.0830357142857143,0.22767857142857142,0.7499477582946171,0.8054187192118226,0.22443951712244395
7,cos,0.6664374248434657,0.08660714285714285,0.32589285714285715,0.7179691615227747,0.32019704433497537,0.10076373491007637
7,csls,0.6675666528452426,0.08928571428571429,0.32142857142857145,0.7209938870906191,0.08374384236453201,0.10790835181079084
7,esm,0.6462138922580875,0.11696428571428573,0.4419642857142857,0.6021579301979466,0.08866995073891626,0.05420054200542006
7,"blend(cos,0.25)",0.6652234985413763,0.12500000000000003,0.4330357142857143,0.6983300826130049,0.14532019704433496,0.09238728750923873
7,"blend(cos,0.5)",0.6775676800150804,0.11875000000000001,0.41517857142857145,0.7343787491299245,0.14532019704433496,0.09164818920916482
7,"blend(cos,0.75)",0.6768026675648591,0.10535714285714286,0.3705357142857143,0.7526096412273408,0.1354679802955665,0.08524267060852427
7,"blend(csls,0.5)",0.6780202610782664,0.11339285714285714,0.41517857142857145,0.7343636177312602,0.15270935960591134,0.0921409214092141
8,dot,0.648467873387408,0.06933333333333333,0.21333333333333335,0.7038697168438366,0.8627450980392157,0.2011282805984793
8,cos,0.6583984188860034,0.09155555555555556,0.30666666666666664,0.6865683715882313,0.39950980392156865,0.1226391954868776
8,csls,0.6599185507932283,0.09333333333333335,0.3288888888888889,0.6891343707807497,0.08333333333333333,0.09565857247976453
8,esm,0.6621425203603971,0.12622222222222224,0.4488888888888889,0.583845371814226,0.11274509803921569,0.05003679175864607
8,"blend(cos,0.25)",0.6749740790319074,0.11733333333333335,0.37777777777777777,0.6807536247812446,0.19117647058823528,0.10105469708118715
8,"blend(cos,0.5)",0.6806640072149092,0.10933333333333332,0.36444444444444446,0.7068342605221078,0.18382352941176472,0.09860191317144959
8,"blend(cos,0.75)",0.6733065842962394,0.104,0.35555555555555557,0.7186724373440199,0.18382352941176472,0.09762079960755457
8,"blend(csls,0.5)",0.6815416208263615,0.11022222222222224,0.3688888888888889,0.7071558396314777,0.18627450980392157,0.10154525386313466
9,dot,0.6575491644177254,0.07733333333333334,0.23555555555555555,0.682084018022937,0.7622549019607843,0.22320333578611723
9,cos,0.6588839868106832,0.07822222222222223,0.3244444444444444,0.6649309262825477,0.3161764705882353,0.10424331616384597
9,csls,0.6606663135544065,0.08177777777777778,0.3111111111111111,0.6688671462244394,0.2647058823529412,0.11675251410350748
9,esm,0.6391260920676088,0.12266666666666667,0.4266666666666667,0.596001190016342,0.09803921568627451,0.057149865096884966
9,"blend(cos,0.25)",0.6566255080155873,0.11022222222222221,0.4,0.666450134480874,0.16666666666666666,0.09026244787834192
9,"blend(cos,0.5)",0.6682313543642304,0.09866666666666667,0.37777777777777777,0.6849071572365635,0.14950980392156862,0.0892813343144469
9,"blend(cos,0.75)",0.6677064457919859,0.08977777777777778,0.3511111111111111,0.6902350582221812,0.13480392156862744,0.08633799362276183
9,"blend(csls,0.5)",0.6694992665781948,0.10311111111111113,0.36,0.6854106908793711,0.1715686274509804,0.08952661270542066
